"Supplier Site","Invoice No.","Invoice Status","Invoice Date","Invoice Type","Total Invoice Amount","Schedule Payment Amount","Balance Amount","Invoice Description","Payment Terms","Schedule Payment Date","Payment Hold","Payment Hold Reason","Payment Method","PO Number",
"27-SOLAPUR","9136","Never Validated","26-Apr-2023","Standard","          11,638.00","          11,638.00","          11,638.00","Party LR NO : 9136/Party LR Date : 06-APR-23","IMMEDIATE","26-Apr-2023","N","","CHECK","",
"27-SOLAPUR","9138","Never Validated","26-Apr-2023","Standard","          19,220.00","          19,220.00","          19,220.00","Party LR NO : 9138/Party LR Date : 06-APR-23","IMMEDIATE","26-Apr-2023","N","","CHECK","",
"27-SOLAPUR","9144","Never Validated","26-Apr-2023","Standard","          19,220.00","          19,220.00","          19,220.00","Party LR NO : 9144/Party LR Date : 09-APR-23","IMMEDIATE","26-Apr-2023","N","","CHECK","",
"27-SOLAPUR","9147","Never Validated","25-Apr-2023","Standard","          11,638.00","          11,638.00","          11,638.00","Party LR NO : 9147/Party LR Date : 11-APR-23","IMMEDIATE","25-Apr-2023","N","","CHECK","",
"27-SOLAPUR","9132","Never Validated","24-Apr-2023","Standard","          11,638.00","          11,638.00","          11,638.00","Party LR NO : 9132/Party LR Date : 03-APR-23","IMMEDIATE","24-Apr-2023","N","","CHECK","",
"27-SOLAPUR","9142","Never Validated","24-Apr-2023","Standard","           5,170.00","           5,170.00","           5,170.00","Party LR NO : 9142/Party LR Date : 07-APR-23","IMMEDIATE","24-Apr-2023","N","","CHECK","",
"27-SOLAPUR","9149","Never Validated","24-Apr-2023","Standard","           5,170.00","           5,170.00","           5,170.00","Party LR NO : 9149/Party LR Date : 12-APR-23","IMMEDIATE","24-Apr-2023","N","","CHECK","",
"27-SOLAPUR","9127","Never Validated","24-Apr-2023","Standard","          11,638.00","          11,638.00","          11,638.00","Party LR NO : 9127/Party LR Date : 01-APR-23","IMMEDIATE","24-Apr-2023","N","","CHECK","",
"27-SOLAPUR","9143-TDS-CM-4077129","Validated","21-Apr-2023","Credit Memo","            -116.38","            -116.38","            -116.38","9143-TDS-CM-4077129","IMMEDIATE","21-Apr-2023","N","","CHECK","",
"27-SOLAPUR","9141-TDS-CM-4077128","Validated","21-Apr-2023","Credit Memo","            -116.38","            -116.38","            -116.38","9141-TDS-CM-4077128","IMMEDIATE","21-Apr-2023","N","","CHECK","",
"27-SOLAPUR","9141","Validated","21-Apr-2023","Standard","          11,638.00","          11,638.00","          11,638.00","Party LR NO : 9141/Party LR Date : 07-APR-23","IMMEDIATE","21-Apr-2023","N","","CHECK","",
"27-SOLAPUR","9139-TDS-CM-4077114","Validated","21-Apr-2023","Credit Memo","            -116.38","            -116.38","            -116.38","9139-TDS-CM-4077114","IMMEDIATE","21-Apr-2023","N","","CHECK","",
"27-SOLAPUR","9139","Validated","21-Apr-2023","Standard","          11,638.00","          11,638.00","          11,638.00","Party LR NO : 9139/Party LR Date : 06-APR-23","IMMEDIATE","21-Apr-2023","N","","CHECK","",
"27-SOLAPUR","9143","Validated","21-Apr-2023","Standard","          11,638.00","          11,638.00","          11,638.00","Party LR NO : 9143/Party LR Date : 08-APR-23","IMMEDIATE","21-Apr-2023","N","","CHECK","",
"27-SOLAPUR","9128","Validated","14-Apr-2023","Standard","          19,220.00","          19,220.00","          19,220.00","Party LR NO : 9128/Party LR Date : 01-APR-23","IMMEDIATE","14-Apr-2023","N","","CHECK","",
"27-SOLAPUR","9128-TDS-CM-4077133","Validated","14-Apr-2023","Credit Memo","            -192.20","            -192.20","            -192.20","9128-TDS-CM-4077133","IMMEDIATE","14-Apr-2023","N","","CHECK","",
"27-SOLAPUR","9129","Validated","14-Apr-2023","Standard","          19,220.00","          19,220.00","          19,220.00","Party LR NO : 9129/Party LR Date : 01-APR-23","IMMEDIATE","14-Apr-2023","N","","CHECK","",
"27-SOLAPUR","9129-TDS-CM-4077131","Validated","14-Apr-2023","Credit Memo","            -192.20","            -192.20","            -192.20","9129-TDS-CM-4077131","IMMEDIATE","14-Apr-2023","N","","CHECK","",
"27-SOLAPUR","9130","Validated","14-Apr-2023","Standard","          11,638.00","          11,638.00","          11,638.00","Party LR NO : 9130/Party LR Date : 01-APR-23","IMMEDIATE","14-Apr-2023","N","","CHECK","",
"27-SOLAPUR","9130-TDS-CM-4077139","Validated","14-Apr-2023","Credit Memo","            -116.38","            -116.38","            -116.38","9130-TDS-CM-4077139","IMMEDIATE","14-Apr-2023","N","","CHECK","",
"27-SOLAPUR","9131","Validated","14-Apr-2023","Standard","           5,170.00","           5,170.00","           5,170.00","Party LR NO : 9131/Party LR Date : 01-APR-23","IMMEDIATE","14-Apr-2023","N","","CHECK","",
"27-SOLAPUR","9131-TDS-CM-4077140","Validated","14-Apr-2023","Credit Memo","             -51.70","             -51.70","             -51.70","9131-TDS-CM-4077140","IMMEDIATE","14-Apr-2023","N","","CHECK","",
"27-SOLAPUR","9134","Validated","14-Apr-2023","Standard","           5,170.00","           5,170.00","           5,170.00","Party LR NO : 9134/Party LR Date : 04-APR-23","IMMEDIATE","14-Apr-2023","N","","CHECK","",
"27-SOLAPUR","9134-TDS-CM-4077141","Validated","14-Apr-2023","Credit Memo","             -51.70","             -51.70","             -51.70","9134-TDS-CM-4077141","IMMEDIATE","14-Apr-2023","N","","CHECK","",
"27-SOLAPUR","9146","Validated","14-Apr-2023","Standard","          11,638.00","          11,638.00","          11,638.00","Party LR NO : 9146/Party LR Date : 10-APR-23","IMMEDIATE","14-Apr-2023","N","","CHECK","",
"27-SOLAPUR","9146-TDS-CM-4077142","Validated","14-Apr-2023","Credit Memo","            -116.38","            -116.38","            -116.38","9146-TDS-CM-4077142","IMMEDIATE","14-Apr-2023","N","","CHECK","",
"27-SOLAPUR","9118-TDS-CM-4022663","Validated","06-Apr-2023","Credit Memo","             -51.70","             -51.70","                .00","9118-TDS-CM-4022663","IMMEDIATE","06-Apr-2023","N","","CHECK","",
"27-SOLAPUR","9118","Validated","06-Apr-2023","Standard","           5,170.00","           5,170.00","                .00","Party LR NO : 9116/Party LR Date : 25-MAR-23","IMMEDIATE","06-Apr-2023","N","","CHECK","",
"27-SOLAPUR","9124","Validated","04-Apr-2023","Standard","          11,638.00","          11,638.00","                .00","Party LR NO : 9124/Party LR Date : 29-MAR-23","IMMEDIATE","04-Apr-2023","N","","CHECK","",
"27-SOLAPUR","9124-TDS-CM-4022619","Validated","04-Apr-2023","Credit Memo","            -116.38","            -116.38","                .00","9124-TDS-CM-4022619","IMMEDIATE","04-Apr-2023","N","","CHECK","",
"27-SOLAPUR","9125","Validated","04-Apr-2023","Standard","          19,220.00","          19,220.00","                .00","Party LR NO : 9125/Party LR Date : 29-MAR-23","IMMEDIATE","04-Apr-2023","N","","CHECK","",
"27-SOLAPUR","9125-TDS-CM-4013992","Validated","04-Apr-2023","Credit Memo","            -192.20","            -192.20","                .00","9125-TDS-CM-4013992","IMMEDIATE","04-Apr-2023","N","","CHECK","",
"27-SOLAPUR","9126","Validated","04-Apr-2023","Standard","          11,638.00","          11,638.00","                .00","Party LR NO : 9126/Party LR Date : 30-MAR-23","IMMEDIATE","04-Apr-2023","N","","CHECK","",
"27-SOLAPUR","9126-TDS-CM-4014033","Validated","04-Apr-2023","Credit Memo","            -116.38","            -116.38","                .00","9126-TDS-CM-4014033","IMMEDIATE","04-Apr-2023","N","","CHECK","",
"27-SOLAPUR","9123-TDS-CM-4014034","Validated","04-Apr-2023","Credit Memo","            -192.20","            -192.20","                .00","9123-TDS-CM-4014034","IMMEDIATE","04-Apr-2023","N","","CHECK","",
"27-SOLAPUR","9123","Validated","04-Apr-2023","Standard","          19,220.00","          19,220.00","                .00","Party LR NO : 9123/Party LR Date : 28-MAR-23","IMMEDIATE","04-Apr-2023","N","","CHECK","",
"27-SOLAPUR","9122-TDS-CM-4013975","Validated","04-Apr-2023","Credit Memo","            -192.20","            -192.20","                .00","9122-TDS-CM-4013975","IMMEDIATE","04-Apr-2023","N","","CHECK","",
"27-SOLAPUR","9122","Validated","04-Apr-2023","Standard","          19,220.00","          19,220.00","                .00","Party LR NO : 9122/Party LR Date : 27-MAR-23","IMMEDIATE","04-Apr-2023","N","","CHECK","",
"27-SOLAPUR","9121-TDS-CM-4013977","Validated","04-Apr-2023","Credit Memo","             -51.70","             -51.70","                .00","9121-TDS-CM-4013977","IMMEDIATE","04-Apr-2023","N","","CHECK","",
"27-SOLAPUR","9121","Validated","04-Apr-2023","Standard","           5,170.00","           5,170.00","                .00","Party LR NO : 9121/Party LR Date : 28-MAR-23","IMMEDIATE","04-Apr-2023","N","","CHECK","",
"27-SOLAPUR","9120-TDS-CM-4014026","Validated","04-Apr-2023","Credit Memo","            -116.38","            -116.38","                .00","9120-TDS-CM-4014026","IMMEDIATE","04-Apr-2023","N","","CHECK","",
"27-SOLAPUR","9120","Validated","04-Apr-2023","Standard","          11,638.00","          11,638.00","                .00","Party LR NO : 9120/Party LR Date : 27-MAR-23","IMMEDIATE","04-Apr-2023","N","","CHECK","",
"27-SOLAPUR","9119-TDS-CM-4014025","Validated","04-Apr-2023","Credit Memo","            -116.38","            -116.38","                .00","9119-TDS-CM-4014025","IMMEDIATE","04-Apr-2023","N","","CHECK","",
"27-SOLAPUR","9119","Validated","04-Apr-2023","Standard","          11,638.00","          11,638.00","                .00","Party LR NO : 9119/Party LR Date : 26-MAR-23","IMMEDIATE","04-Apr-2023","N","","CHECK","",
"27-SOLAPUR","9117-TDS-CM-4014024","Validated","04-Apr-2023","Credit Memo","            -116.38","            -116.38","                .00","9117-TDS-CM-4014024","IMMEDIATE","04-Apr-2023","N","","CHECK","",
"27-SOLAPUR","9117","Validated","04-Apr-2023","Standard","          11,638.00","          11,638.00","                .00","Party LR NO : 9117/Party LR Date : 25-MAR-23","IMMEDIATE","04-Apr-2023","N","","CHECK","",
"27-SOLAPUR","9116-TDS-CM-4014023","Validated","04-Apr-2023","Credit Memo","            -116.38","            -116.38","                .00","9116-TDS-CM-4014023","IMMEDIATE","04-Apr-2023","N","","CHECK","",
"27-SOLAPUR","9116","Validated","04-Apr-2023","Standard","          11,638.00","          11,638.00","                .00","Party LR NO : 9118/Party LR Date : 25-MAR-23","IMMEDIATE","04-Apr-2023","N","","CHECK","",
"27-SOLAPUR","9115-TDS-CM-4014032","Validated","04-Apr-2023","Credit Memo","            -192.20","            -192.20","                .00","9115-TDS-CM-4014032","IMMEDIATE","04-Apr-2023","N","","CHECK","",
"27-SOLAPUR","9115","Validated","04-Apr-2023","Standard","          19,220.00","          19,220.00","                .00","Party LR NO : 9115/Party LR Date : 24-MAR-23","IMMEDIATE","04-Apr-2023","N","","CHECK","",
"27-SOLAPUR","9114-TDS-CM-4013976","Validated","04-Apr-2023","Credit Memo","             -51.70","             -51.70","                .00","9114-TDS-CM-4013976","IMMEDIATE","04-Apr-2023","N","","CHECK","",
"27-SOLAPUR","9114","Validated","04-Apr-2023","Standard","           5,170.00","           5,170.00","                .00","Party LR NO : 9114/Party LR Date : 25-MAR-23","IMMEDIATE","04-Apr-2023","N","","CHECK","",
"27-SOLAPUR","9113-TDS-CM-4014020","Validated","04-Apr-2023","Credit Memo","            -116.38","            -116.38","                .00","9113-TDS-CM-4014020","IMMEDIATE","04-Apr-2023","N","","CHECK","",
"27-SOLAPUR","9113","Validated","04-Apr-2023","Standard","          11,638.00","          11,638.00","                .00","Party LR NO : 9113/Party LR Date : 23-MAR-23","IMMEDIATE","04-Apr-2023","N","","CHECK","",
"27-SOLAPUR","9109-TDS-CM-4014022","Validated","04-Apr-2023","Credit Memo","            -192.20","            -192.20","                .00","9109-TDS-CM-4014022","IMMEDIATE","04-Apr-2023","N","","CHECK","",
"27-SOLAPUR","9109","Validated","04-Apr-2023","Standard","          19,220.00","          19,220.00","                .00","Party LR NO : 9109/Party LR Date : 20-MAR-23","IMMEDIATE","04-Apr-2023","N","","CHECK","",
"27-SOLAPUR","9108-TDS-CM-4014021","Validated","04-Apr-2023","Credit Memo","             -51.70","             -51.70","                .00","9108-TDS-CM-4014021","IMMEDIATE","04-Apr-2023","N","","CHECK","",
"27-SOLAPUR","9108","Validated","04-Apr-2023","Standard","           5,170.00","           5,170.00","                .00","Party LR NO : 9108/Party LR Date : 20-MAR-23","IMMEDIATE","04-Apr-2023","N","","CHECK","",
"27-SOLAPUR","9096-TDS-CM-4014031","Validated","04-Apr-2023","Credit Memo","            -192.20","            -192.20","                .00","9096-TDS-CM-4014031","IMMEDIATE","04-Apr-2023","N","","CHECK","",
"27-SOLAPUR","9096","Validated","04-Apr-2023","Standard","          19,220.00","          19,220.00","                .00","Party LR NO : 9096/Party LR Date : 14-MAR-23","IMMEDIATE","04-Apr-2023","N","","CHECK","",
"27-SOLAPUR","8969","Never Validated","04-Apr-2023","Standard","          11,638.00","          11,638.00","          11,638.00","Party LR NO : 8969/Party LR Date : 04-JAN-23","IMMEDIATE","04-Apr-2023","N","","CHECK","",
"27-SOLAPUR","8824","Validated","04-Apr-2023","Standard","          11,638.00","          11,638.00","                .00","Party LR NO : 8824/Party LR Date : 05-SEP-22","IMMEDIATE","04-Apr-2023","N","","CHECK","",
"27-SOLAPUR","8824-TDS-CM-4014028","Validated","04-Apr-2023","Credit Memo","            -116.38","            -116.38","                .00","8824-TDS-CM-4014028","IMMEDIATE","04-Apr-2023","N","","CHECK","",
"27-SOLAPUR","R-11260-TDS-CM-4013940","Validated","01-Apr-2023","Credit Memo","            -833.68","            -833.68","                .00","R-11260-TDS-CM-4013940","IMMEDIATE","01-Apr-2023","N","","CHECK","",
"27-SOLAPUR","R-11260","Validated","01-Apr-2023","Standard","          83,368.00","          83,368.00","                .00","TRANSPORTATION CHARGES FOR FREIGHT INWARD","IMMEDIATE","01-Apr-2023","N","","CHECK","",
"27-SOLAPUR","9157-TDS-CM-4022464","Validated","30-Mar-2023","Credit Memo","             -24.00","             -24.00","                .00","9157-TDS-CM-4022464","IMMEDIATE","30-Mar-2023","N","","CHECK","",
"27-SOLAPUR","9157","Validated","30-Mar-2023","Standard","           2,400.00","           2,400.00","                .00","TRANSPORTATION CHARGES FOR FREIGHT INWARD","IMMEDIATE","30-Mar-2023","N","","CHECK","",
"27-SOLAPUR","9156-TDS-CM-4022478","Validated","29-Mar-2023","Credit Memo","             -24.00","             -24.00","                .00","9156-TDS-CM-4022478","IMMEDIATE","29-Mar-2023","N","","CHECK","",
"27-SOLAPUR","9156","Validated","29-Mar-2023","Standard","           2,400.00","           2,400.00","                .00","TRANSPORTATION CHARGES FOR FREIGHT INWARD","IMMEDIATE","29-Mar-2023","N","","CHECK","",
"27-SOLAPUR","9083","Validated","29-Mar-2023","Standard","          11,638.00","          11,638.00","                .00","Party LR NO : 9083/Party LR Date : 07-MAR-23","IMMEDIATE","29-Mar-2023","N","","CHECK","",
"27-SOLAPUR","9106-TDS-CM-4006218","Validated","29-Mar-2023","Credit Memo","            -116.38","            -116.38","                .00","9106-TDS-CM-4006218","IMMEDIATE","29-Mar-2023","N","","CHECK","",
"27-SOLAPUR","9083-TDS-CM-4006216","Validated","29-Mar-2023","Credit Memo","            -116.38","            -116.38","                .00","9083-TDS-CM-4006216","IMMEDIATE","29-Mar-2023","N","","CHECK","",
"27-SOLAPUR","9106","Validated","29-Mar-2023","Standard","          11,638.00","          11,638.00","                .00","Party LR NO : 9106/Party LR Date : 19-MAR-23","IMMEDIATE","29-Mar-2023","N","","CHECK","",
"27-SOLAPUR","9107","Validated","28-Mar-2023","Standard","           5,170.00","           5,170.00","                .00","Party LR NO : 9107/Party LR Date : 19-MAR-23","IMMEDIATE","28-Mar-2023","N","","CHECK","",
"27-SOLAPUR","9107-TDS-CM-4006133","Validated","28-Mar-2023","Credit Memo","             -51.70","             -51.70","                .00","9107-TDS-CM-4006133","IMMEDIATE","28-Mar-2023","N","","CHECK","",
"27-SOLAPUR","9111","Validated","27-Mar-2023","Standard","          11,638.00","          11,638.00","                .00","Party LR NO : 9111/Party LR Date : 21-MAR-23","IMMEDIATE","27-Mar-2023","N","","CHECK","",
"27-SOLAPUR","9111-TDS-CM-4006085","Validated","27-Mar-2023","Credit Memo","            -116.38","            -116.38","                .00","9111-TDS-CM-4006085","IMMEDIATE","27-Mar-2023","N","","CHECK","",
"27-SOLAPUR","9112","Validated","27-Mar-2023","Standard","          11,638.00","          11,638.00","                .00","Party LR NO : 9112/Party LR Date : 23-MAR-23","IMMEDIATE","27-Mar-2023","N","","CHECK","",
"27-SOLAPUR","9112-TDS-CM-4006093","Validated","27-Mar-2023","Credit Memo","            -116.38","            -116.38","                .00","9112-TDS-CM-4006093","IMMEDIATE","27-Mar-2023","N","","CHECK","",
"27-SOLAPUR","9076","Validated","27-Mar-2023","Standard","          11,638.00","          11,638.00","                .00","Party LR NO : 9076/Party LR Date : 03-MAR-23","IMMEDIATE","27-Mar-2023","N","","CHECK","",
"27-SOLAPUR","9076-TDS-CM-4006089","Validated","27-Mar-2023","Credit Memo","            -116.38","            -116.38","                .00","9076-TDS-CM-4006089","IMMEDIATE","27-Mar-2023","N","","CHECK","",
"27-SOLAPUR","9078","Validated","27-Mar-2023","Standard","          11,638.00","          11,638.00","                .00","Party LR NO : 9078/Party LR Date : 04-MAR-23","IMMEDIATE","27-Mar-2023","N","","CHECK","",
"27-SOLAPUR","9078-TDS-CM-4006075","Validated","27-Mar-2023","Credit Memo","            -116.38","            -116.38","                .00","9078-TDS-CM-4006075","IMMEDIATE","27-Mar-2023","N","","CHECK","",
"27-SOLAPUR","9079","Validated","27-Mar-2023","Standard","          19,220.00","          19,220.00","                .00","Party LR NO : 9079/Party LR Date : 05-MAR-23","IMMEDIATE","27-Mar-2023","N","","CHECK","",
"27-SOLAPUR","9079-TDS-CM-4006094","Validated","27-Mar-2023","Credit Memo","            -192.20","            -192.20","                .00","9079-TDS-CM-4006094","IMMEDIATE","27-Mar-2023","N","","CHECK","",
"27-SOLAPUR","9081","Validated","27-Mar-2023","Standard","          11,638.00","          11,638.00","                .00","Party LR NO : 9081/Party LR Date : 06-MAR-23","IMMEDIATE","27-Mar-2023","N","","CHECK","",
"27-SOLAPUR","9081-TDS-CM-4006068","Validated","27-Mar-2023","Credit Memo","            -116.38","            -116.38","                .00","9081-TDS-CM-4006068","IMMEDIATE","27-Mar-2023","N","","CHECK","",
"27-SOLAPUR","9084","Validated","27-Mar-2023","Standard","          11,638.00","          11,638.00","                .00","Party LR NO : 9084/Party LR Date : 07-MAR-23","IMMEDIATE","27-Mar-2023","N","","CHECK","",
"27-SOLAPUR","9084-TDS-CM-4006069","Validated","27-Mar-2023","Credit Memo","            -116.38","            -116.38","                .00","9084-TDS-CM-4006069","IMMEDIATE","27-Mar-2023","N","","CHECK","",
"27-SOLAPUR","9085","Validated","27-Mar-2023","Standard","          11,638.00","          11,638.00","                .00","Party LR NO : 9085/Party LR Date : 07-MAR-23","IMMEDIATE","27-Mar-2023","N","","CHECK","",
"27-SOLAPUR","9085-TDS-CM-4006091","Validated","27-Mar-2023","Credit Memo","            -116.38","            -116.38","                .00","9085-TDS-CM-4006091","IMMEDIATE","27-Mar-2023","N","","CHECK","",
"27-SOLAPUR","9086","Validated","27-Mar-2023","Standard","          11,638.00","          11,638.00","                .00","Party LR NO : 9086/Party LR Date : 09-MAR-23","IMMEDIATE","27-Mar-2023","N","","CHECK","",
"27-SOLAPUR","9086-TDS-CM-4006095","Validated","27-Mar-2023","Credit Memo","            -116.38","            -116.38","                .00","9086-TDS-CM-4006095","IMMEDIATE","27-Mar-2023","N","","CHECK","",
"27-SOLAPUR","9087","Validated","27-Mar-2023","Standard","          19,220.00","          19,220.00","                .00","Party LR NO : 9087/Party LR Date : 09-MAR-23","IMMEDIATE","27-Mar-2023","N","","CHECK","",
"27-SOLAPUR","9087-TDS-CM-4006086","Validated","27-Mar-2023","Credit Memo","            -192.20","            -192.20","                .00","9087-TDS-CM-4006086","IMMEDIATE","27-Mar-2023","N","","CHECK","",
"27-SOLAPUR","9088","Validated","27-Mar-2023","Standard","          11,638.00","          11,638.00","                .00","Party LR NO : 9088/Party LR Date : 10-MAR-02","IMMEDIATE","27-Mar-2023","N","","CHECK","",
"27-SOLAPUR","9088-TDS-CM-4006096","Validated","27-Mar-2023","Credit Memo","            -116.38","            -116.38","                .00","9088-TDS-CM-4006096","IMMEDIATE","27-Mar-2023","N","","CHECK","",
"27-SOLAPUR","9089","Validated","27-Mar-2023","Standard","          19,220.00","          19,220.00","                .00","Party LR NO : 9089/Party LR Date : 10-MAR-23","IMMEDIATE","27-Mar-2023","N","","CHECK","",
"27-SOLAPUR","9089-TDS-CM-4006088","Validated","27-Mar-2023","Credit Memo","            -192.20","            -192.20","                .00","9089-TDS-CM-4006088","IMMEDIATE","27-Mar-2023","N","","CHECK","",
"27-SOLAPUR","9092","Validated","27-Mar-2023","Standard","          19,220.00","          19,220.00","                .00","Party LR NO : 9092/Party LR Date : 12-MAR-23","IMMEDIATE","27-Mar-2023","N","","CHECK","",
"27-SOLAPUR","9092-TDS-CM-4006087","Validated","27-Mar-2023","Credit Memo","            -192.20","            -192.20","                .00","9092-TDS-CM-4006087","IMMEDIATE","27-Mar-2023","N","","CHECK","",
"27-SOLAPUR","9093","Validated","27-Mar-2023","Standard","           5,170.00","           5,170.00","                .00","Party LR NO : 9093/Party LR Date : 12-MAR-23","IMMEDIATE","27-Mar-2023","N","","CHECK","",
"27-SOLAPUR","9093-TDS-CM-4006076","Validated","27-Mar-2023","Credit Memo","             -51.70","             -51.70","                .00","9093-TDS-CM-4006076","IMMEDIATE","27-Mar-2023","N","","CHECK","",
"27-SOLAPUR","9095","Validated","27-Mar-2023","Standard","          11,638.00","          11,638.00","                .00","Party LR NO : 9095/Party LR Date : 13-MAR-23","IMMEDIATE","27-Mar-2023","N","","CHECK","",
"27-SOLAPUR","9095-TDS-CM-4006080","Validated","27-Mar-2023","Credit Memo","            -116.38","            -116.38","                .00","9095-TDS-CM-4006080","IMMEDIATE","27-Mar-2023","N","","CHECK","",
"27-SOLAPUR","9098","Validated","27-Mar-2023","Standard","          19,220.00","          19,220.00","                .00","Party LR NO : 9098/Party LR Date : 14-MAR-23","IMMEDIATE","27-Mar-2023","N","","CHECK","",
"27-SOLAPUR","9098-TDS-CM-4006084","Validated","27-Mar-2023","Credit Memo","            -192.20","            -192.20","                .00","9098-TDS-CM-4006084","IMMEDIATE","27-Mar-2023","N","","CHECK","",
"27-SOLAPUR","9099","Validated","27-Mar-2023","Standard","          11,638.00","          11,638.00","                .00","Party LR NO : 9099/Party LR Date : 16-MAR-23","IMMEDIATE","27-Mar-2023","N","","CHECK","",
"27-SOLAPUR","9099-TDS-CM-4006083","Validated","27-Mar-2023","Credit Memo","            -116.38","            -116.38","                .00","9099-TDS-CM-4006083","IMMEDIATE","27-Mar-2023","N","","CHECK","",
"27-SOLAPUR","9102","Validated","27-Mar-2023","Standard","          19,220.00","          19,220.00","                .00","Party LR NO : 9102/Party LR Date : 17-MAR-23","IMMEDIATE","27-Mar-2023","N","","CHECK","",
"27-SOLAPUR","9102-TDS-CM-4006090","Validated","27-Mar-2023","Credit Memo","            -192.20","            -192.20","                .00","9102-TDS-CM-4006090","IMMEDIATE","27-Mar-2023","N","","CHECK","",
"27-SOLAPUR","9103","Validated","27-Mar-2023","Standard","          11,638.00","          11,638.00","                .00","Party LR NO : 9103/Party LR Date : 17-MAR-23","IMMEDIATE","27-Mar-2023","N","","CHECK","",
"27-SOLAPUR","9103-TDS-CM-4006092","Validated","27-Mar-2023","Credit Memo","            -116.38","            -116.38","                .00","9103-TDS-CM-4006092","IMMEDIATE","27-Mar-2023","N","","CHECK","",
"27-SOLAPUR","9104","Validated","27-Mar-2023","Standard","          19,220.00","          19,220.00","                .00","Party LR NO : 9104/Party LR Date : 18-MAR-23","IMMEDIATE","27-Mar-2023","N","","CHECK","",
"27-SOLAPUR","9104-TDS-CM-4006081","Validated","27-Mar-2023","Credit Memo","            -192.20","            -192.20","                .00","9104-TDS-CM-4006081","IMMEDIATE","27-Mar-2023","N","","CHECK","",
"27-SOLAPUR","9105","Validated","27-Mar-2023","Standard","          11,638.00","          11,638.00","                .00","Party LR NO : 9105/Party LR Date : 19-MAR-23","IMMEDIATE","27-Mar-2023","N","","CHECK","",
"27-SOLAPUR","9105-TDS-CM-4006073","Validated","27-Mar-2023","Credit Memo","            -116.38","            -116.38","                .00","9105-TDS-CM-4006073","IMMEDIATE","27-Mar-2023","N","","CHECK","",
"27-SOLAPUR","9110","Validated","27-Mar-2023","Standard","          19,220.00","          19,220.00","                .00","Party LR NO : 9110/Party LR Date : 21-MAR-23","IMMEDIATE","27-Mar-2023","N","","CHECK","",
"27-SOLAPUR","9110-TDS-CM-4006103","Validated","27-Mar-2023","Credit Memo","            -192.20","            -192.20","                .00","9110-TDS-CM-4006103","IMMEDIATE","27-Mar-2023","N","","CHECK","",
"27-SOLAPUR","8932","Validated","27-Mar-2023","Standard","          11,638.00","          11,638.00","                .00","Party LR NO : 8932/Party LR Date : 11-DEC-22","IMMEDIATE","27-Mar-2023","N","","CHECK","",
"27-SOLAPUR","8932-TDS-CM-4006082","Validated","27-Mar-2023","Credit Memo","            -116.38","            -116.38","                .00","8932-TDS-CM-4006082","IMMEDIATE","27-Mar-2023","N","","CHECK","",
"27-SOLAPUR","9007","Validated","27-Mar-2023","Standard","          11,638.00","          11,638.00","                .00","Party LR NO : 9007/Party LR Date : 20-JAN-23","IMMEDIATE","27-Mar-2023","N","","CHECK","",
"27-SOLAPUR","9007-TDS-CM-4006079","Validated","27-Mar-2023","Credit Memo","            -116.38","            -116.38","                .00","9007-TDS-CM-4006079","IMMEDIATE","27-Mar-2023","N","","CHECK","",
"27-SOLAPUR","9025","Validated","27-Mar-2023","Standard","          11,638.00","          11,638.00","                .00","Party LR NO : 9025/Party LR Date : 31-JAN-23","IMMEDIATE","27-Mar-2023","N","","CHECK","",
"27-SOLAPUR","9025-TDS-CM-4012792","Validated","27-Mar-2023","Credit Memo","            -116.38","            -116.38","                .00","9025-TDS-CM-4012792","IMMEDIATE","27-Mar-2023","N","","CHECK","",
"27-SOLAPUR","9036","Validated","27-Mar-2023","Standard","          11,638.00","          11,638.00","                .00","Party LR NO : 9036/Party LR Date : 09-FEB-23","IMMEDIATE","27-Mar-2023","N","","CHECK","",
"27-SOLAPUR","9036-TDS-CM-4006097","Validated","27-Mar-2023","Credit Memo","            -116.38","            -116.38","                .00","9036-TDS-CM-4006097","IMMEDIATE","27-Mar-2023","N","","CHECK","",
"27-SOLAPUR","9044","Validated","27-Mar-2023","Standard","          19,220.00","          19,220.00","                .00","Party LR NO : 9044/Party LR Date : 13-FEB-23","IMMEDIATE","27-Mar-2023","N","","CHECK","",
"27-SOLAPUR","9044-TDS-CM-4006070","Validated","27-Mar-2023","Credit Memo","            -192.20","            -192.20","                .00","9044-TDS-CM-4006070","IMMEDIATE","27-Mar-2023","N","","CHECK","",
"27-SOLAPUR","9060","Validated","27-Mar-2023","Standard","          19,220.00","          19,220.00","                .00","Party LR NO : 9060/Party LR Date : 21-FEB-23","IMMEDIATE","27-Mar-2023","N","","CHECK","",
"27-SOLAPUR","9060-TDS-CM-4006078","Validated","27-Mar-2023","Credit Memo","            -192.20","            -192.20","                .00","9060-TDS-CM-4006078","IMMEDIATE","27-Mar-2023","N","","CHECK","",
"27-SOLAPUR","9063","Validated","27-Mar-2023","Standard","          11,638.00","          11,638.00","                .00","Party LR NO : 9063/Party LR Date : 23-FEB-23","IMMEDIATE","27-Mar-2023","N","","CHECK","",
"27-SOLAPUR","9063-TDS-CM-4006067","Validated","27-Mar-2023","Credit Memo","            -116.38","            -116.38","                .00","9063-TDS-CM-4006067","IMMEDIATE","27-Mar-2023","N","","CHECK","",
"27-SOLAPUR","9072","Validated","27-Mar-2023","Standard","          11,638.00","          11,638.00","                .00","Party LR NO : 9072/Party LR Date : 27-FEB-23","IMMEDIATE","27-Mar-2023","N","","CHECK","",
"27-SOLAPUR","9072-TDS-CM-4006072","Validated","27-Mar-2023","Credit Memo","            -116.38","            -116.38","                .00","9072-TDS-CM-4006072","IMMEDIATE","27-Mar-2023","N","","CHECK","",
"27-SOLAPUR","9074","Validated","27-Mar-2023","Standard","          11,638.00","          11,638.00","                .00","Party LR NO : 9074/Party LR Date : 03-MAR-23","IMMEDIATE","27-Mar-2023","N","","CHECK","",
"27-SOLAPUR","9074-TDS-CM-4006074","Validated","27-Mar-2023","Credit Memo","            -116.38","            -116.38","                .00","9074-TDS-CM-4006074","IMMEDIATE","27-Mar-2023","N","","CHECK","",
"27-SOLAPUR","9153-TDS-CM-4022466","Validated","26-Mar-2023","Credit Memo","             -18.00","             -18.00","                .00","9153-TDS-CM-4022466","IMMEDIATE","26-Mar-2023","N","","CHECK","",
"27-SOLAPUR","9153","Validated","26-Mar-2023","Standard","           1,800.00","           1,800.00","                .00","TRANSPORTATION CHARGES FOR FREIGHT INWARD","IMMEDIATE","26-Mar-2023","N","","CHECK","",
"27-SOLAPUR","9151","Validated","25-Mar-2023","Standard","          11,638.00","          11,638.00","                .00","TRANSPORTATION CHARGES FOR FREIGHT INWARD","IMMEDIATE","25-Mar-2023","N","","CHECK","",
"27-SOLAPUR","9071-TDS-CM-4004106","Validated","25-Mar-2023","Credit Memo","            -192.20","            -192.20","                .00","9071-TDS-CM-4004106","IMMEDIATE","25-Mar-2023","N","","CHECK","",
"27-SOLAPUR","9077","Validated","25-Mar-2023","Standard","           5,170.00","           5,170.00","                .00","Party LR NO : 9077/Party LR Date : 04-MAR-23","IMMEDIATE","25-Mar-2023","N","","CHECK","",
"27-SOLAPUR","9077-TDS-CM-4004099","Validated","25-Mar-2023","Credit Memo","             -51.70","             -51.70","                .00","9077-TDS-CM-4004099","IMMEDIATE","25-Mar-2023","N","","CHECK","",
"27-SOLAPUR","9080","Validated","25-Mar-2023","Standard","          19,220.00","          19,220.00","                .00","Party LR NO : 9080/Party LR Date : 06-MAR-23","IMMEDIATE","25-Mar-2023","N","","CHECK","",
"27-SOLAPUR","9080-TDS-CM-4005375","Validated","25-Mar-2023","Credit Memo","            -192.20","            -192.20","                .00","9080-TDS-CM-4005375","IMMEDIATE","25-Mar-2023","N","","CHECK","",
"27-SOLAPUR","9090","Validated","25-Mar-2023","Standard","           5,170.00","           5,170.00","                .00","Party LR NO : 9090/Party LR Date : 11-MAR-23","IMMEDIATE","25-Mar-2023","N","","CHECK","",
"27-SOLAPUR","9090-TDS-CM-4004102","Validated","25-Mar-2023","Credit Memo","             -51.70","             -51.70","                .00","9090-TDS-CM-4004102","IMMEDIATE","25-Mar-2023","N","","CHECK","",
"27-SOLAPUR","9091","Validated","25-Mar-2023","Standard","          11,638.00","          11,638.00","                .00","Party LR NO : 9091/Party LR Date : 11-MAR-23","IMMEDIATE","25-Mar-2023","N","","CHECK","",
"27-SOLAPUR","9091-TDS-CM-4004113","Validated","25-Mar-2023","Credit Memo","            -116.38","            -116.38","                .00","9091-TDS-CM-4004113","IMMEDIATE","25-Mar-2023","N","","CHECK","",
"27-SOLAPUR","9094","Validated","25-Mar-2023","Standard","          11,638.00","          11,638.00","                .00","Party LR NO : 9094/Party LR Date : 12-MAR-23","IMMEDIATE","25-Mar-2023","N","","CHECK","",
"27-SOLAPUR","9094-TDS-CM-4004098","Validated","25-Mar-2023","Credit Memo","            -116.38","            -116.38","                .00","9094-TDS-CM-4004098","IMMEDIATE","25-Mar-2023","N","","CHECK","",
"27-SOLAPUR","9097","Validated","25-Mar-2023","Standard","           5,170.00","           5,170.00","                .00","Party LR NO : 9097/Party LR Date : 14-MAR-23","IMMEDIATE","25-Mar-2023","N","","CHECK","",
"27-SOLAPUR","9097-TDS-CM-4004104","Validated","25-Mar-2023","Credit Memo","             -51.70","             -51.70","                .00","9097-TDS-CM-4004104","IMMEDIATE","25-Mar-2023","N","","CHECK","",
"27-SOLAPUR","9100","Validated","25-Mar-2023","Standard","          11,638.00","          11,638.00","                .00","Party LR NO : 9100/Party LR Date : 16-MAR-23","IMMEDIATE","25-Mar-2023","N","","CHECK","",
"27-SOLAPUR","9100-TDS-CM-4004117","Validated","25-Mar-2023","Credit Memo","            -116.38","            -116.38","                .00","9100-TDS-CM-4004117","IMMEDIATE","25-Mar-2023","N","","CHECK","",
"27-SOLAPUR","9101","Validated","25-Mar-2023","Standard","           5,170.00","           5,170.00","                .00","Party LR NO : 9101/Party LR Date : 16-MAR-23","IMMEDIATE","25-Mar-2023","N","","CHECK","",
"27-SOLAPUR","9101-TDS-CM-4004100","Validated","25-Mar-2023","Credit Memo","             -51.70","             -51.70","                .00","9101-TDS-CM-4004100","IMMEDIATE","25-Mar-2023","N","","CHECK","",
"27-SOLAPUR","8783","Validated","25-Mar-2023","Standard","          11,638.00","          11,638.00","                .00","Party LR NO : 8783/Party LR Date : 07-AUG-22","IMMEDIATE","25-Mar-2023","N","","CHECK","",
"27-SOLAPUR","8783-TDS-CM-4004115","Validated","25-Mar-2023","Credit Memo","            -116.38","            -116.38","                .00","8783-TDS-CM-4004115","IMMEDIATE","25-Mar-2023","N","","CHECK","",
"27-SOLAPUR","9035","Validated","25-Mar-2023","Standard","           5,170.00","           5,170.00","                .00","Party LR NO : 9035/Party LR Date : 09-FEB-23","IMMEDIATE","25-Mar-2023","N","","CHECK","",
"27-SOLAPUR","9035-TDS-CM-4004107","Validated","25-Mar-2023","Credit Memo","             -51.70","             -51.70","                .00","9035-TDS-CM-4004107","IMMEDIATE","25-Mar-2023","N","","CHECK","",
"27-SOLAPUR","9046","Validated","25-Mar-2023","Standard","          11,638.00","          11,638.00","                .00","Party LR NO : 9046/Party LR Date : 14-FEB-23","IMMEDIATE","25-Mar-2023","N","","CHECK","",
"27-SOLAPUR","9046-TDS-CM-4005355","Validated","25-Mar-2023","Credit Memo","            -116.38","            -116.38","                .00","9046-TDS-CM-4005355","IMMEDIATE","25-Mar-2023","N","","CHECK","",
"27-SOLAPUR","9047","Validated","25-Mar-2023","Standard","          11,638.00","          11,638.00","                .00","Party LR NO : 9047/Party LR Date : 14-FEB-23","IMMEDIATE","25-Mar-2023","N","","CHECK","",
"27-SOLAPUR","9047-TDS-CM-4004109","Validated","25-Mar-2023","Credit Memo","            -116.38","            -116.38","                .00","9047-TDS-CM-4004109","IMMEDIATE","25-Mar-2023","N","","CHECK","",
"27-SOLAPUR","9051","Validated","25-Mar-2023","Standard","           5,170.00","           5,170.00","                .00","Party LR NO : 9051/Party LR Date : 16-FEB-23","IMMEDIATE","25-Mar-2023","N","","CHECK","",
"27-SOLAPUR","9051-TDS-CM-4004097","Validated","25-Mar-2023","Credit Memo","             -51.70","             -51.70","                .00","9051-TDS-CM-4004097","IMMEDIATE","25-Mar-2023","N","","CHECK","",
"27-SOLAPUR","9068","Validated","25-Mar-2023","Standard","          19,220.00","          19,220.00","                .00","Party LR NO : 9068/Party LR Date : 26-FEB-23","IMMEDIATE","25-Mar-2023","N","","CHECK","",
"27-SOLAPUR","9068-TDS-CM-4006002","Validated","25-Mar-2023","Credit Memo","            -192.20","            -192.20","                .00","9068-TDS-CM-4006002","IMMEDIATE","25-Mar-2023","N","","CHECK","",
"27-SOLAPUR","9070","Validated","25-Mar-2023","Standard","          11,638.00","          11,638.00","                .00","Party LR NO : 9070/Party LR Date : 28-FEB-23","IMMEDIATE","25-Mar-2023","N","","CHECK","",
"27-SOLAPUR","9070-TDS-CM-4004111","Validated","25-Mar-2023","Credit Memo","            -116.38","            -116.38","                .00","9070-TDS-CM-4004111","IMMEDIATE","25-Mar-2023","N","","CHECK","",
"27-SOLAPUR","9071","Validated","25-Mar-2023","Standard","          19,220.00","          19,220.00","                .00","Party LR NO : 9071/Party LR Date : 27-FEB-23","IMMEDIATE","25-Mar-2023","N","","CHECK","",
"27-SOLAPUR","9151-TDS-CM-4013938","Validated","25-Mar-2023","Credit Memo","            -116.38","            -116.38","                .00","9151-TDS-CM-4013938","IMMEDIATE","25-Mar-2023","N","","CHECK","",
"27-SOLAPUR","8350-TDS-CM-4013934","Validated","24-Mar-2023","Credit Memo","             -51.70","             -51.70","                .00","8350-TDS-CM-4013934","IMMEDIATE","24-Mar-2023","N","","CHECK","",
"27-SOLAPUR","8350","Validated","24-Mar-2023","Standard","           5,170.00","           5,170.00","                .00","TRANSPORTATION CHARGES FOR FREIGHT INWARD","IMMEDIATE","24-Mar-2023","N","","CHECK","",
"27-SOLAPUR","8346","Validated","21-Mar-2023","Standard","           1,800.00","           1,800.00","                .00","TRANSPORTATION CHARGES FOR FREIGHT INWARD","IMMEDIATE","21-Mar-2023","N","","CHECK","",
"27-SOLAPUR","8346-TDS-CM-4022470","Validated","21-Mar-2023","Credit Memo","             -18.00","             -18.00","                .00","8346-TDS-CM-4022470","IMMEDIATE","21-Mar-2023","N","","CHECK","",
"27-SOLAPUR","8951","Validated","21-Mar-2023","Standard","          11,638.00","          11,638.00","                .00","Party LR NO : 8951/Party LR Date : 23-DEC-22","IMMEDIATE","21-Mar-2023","N","","CHECK","",
"27-SOLAPUR","8951-TDS-CM-3997443","Validated","21-Mar-2023","Credit Memo","            -116.38","            -116.38","                .00","8951-TDS-CM-3997443","IMMEDIATE","21-Mar-2023","N","","CHECK","",
"27-SOLAPUR","8958","Validated","21-Mar-2023","Standard","          11,638.00","          11,638.00","                .00","Party LR NO : 8958/Party LR Date : 27-DEC-22","IMMEDIATE","21-Mar-2023","N","","CHECK","",
"27-SOLAPUR","9075-TDS-CM-3988828","Validated","21-Mar-2023","Credit Memo","            -116.38","            -116.38","                .00","9075-TDS-CM-3988828","IMMEDIATE","21-Mar-2023","N","","CHECK","",
"27-SOLAPUR","8966","Validated","21-Mar-2023","Standard","          11,638.00","          11,638.00","                .00","Party LR NO : 8966/Party LR Date : 31-DEC-22","IMMEDIATE","21-Mar-2023","N","","CHECK","",
"27-SOLAPUR","8966-TDS-CM-3988820","Validated","21-Mar-2023","Credit Memo","            -116.38","            -116.38","                .00","8966-TDS-CM-3988820","IMMEDIATE","21-Mar-2023","N","","CHECK","",
"27-SOLAPUR","9073","Validated","21-Mar-2023","Standard","          19,220.00","          19,220.00","                .00","Party LR NO : 9073/Party LR Date : 28-FEB-23","IMMEDIATE","21-Mar-2023","N","","CHECK","",
"27-SOLAPUR","9073-TDS-CM-3988827","Validated","21-Mar-2023","Credit Memo","            -192.20","            -192.20","                .00","9073-TDS-CM-3988827","IMMEDIATE","21-Mar-2023","N","","CHECK","",
"27-SOLAPUR","9075","Validated","21-Mar-2023","Standard","          11,638.00","          11,638.00","                .00","Party LR NO : 9075/Party LR Date : 03-MAR-23","IMMEDIATE","21-Mar-2023","N","","CHECK","",
"27-SOLAPUR","8958-TDS-CM-4012789","Validated","21-Mar-2023","Credit Memo","            -116.38","            -116.38","                .00","8958-TDS-CM-4012789","IMMEDIATE","21-Mar-2023","N","","CHECK","",
"27-SOLAPUR","A-177","Validated","19-Mar-2023","Standard","          58,200.00","          58,200.00","                .00","TRANSPORTATION CHARGES FOR FREIGHT INWARD","IMMEDIATE","19-Mar-2023","N","","CHECK","",
"27-SOLAPUR","A-177-TDS-CM-4011432","Validated","19-Mar-2023","Credit Memo","            -582.00","            -582.00","                .00","A-177-TDS-CM-4011432","IMMEDIATE","19-Mar-2023","N","","CHECK","",
"27-SOLAPUR","E-142","Validated","19-Mar-2023","Standard","          61,504.00","          61,504.00","                .00","","IMMEDIATE","19-Mar-2023","N","","CHECK","",
"27-SOLAPUR","8328-TDS-CM-4022477","Validated","19-Mar-2023","Credit Memo","             -24.00","             -24.00","                .00","8328-TDS-CM-4022477","IMMEDIATE","19-Mar-2023","N","","CHECK","",
"27-SOLAPUR","11255","Validated","19-Mar-2023","Standard","          96,300.00","          96,300.00","                .00","TRANSPORTATION CHARGES FOR FREIGHT INWARD","IMMEDIATE","19-Mar-2023","N","","CHECK","",
"27-SOLAPUR","11255-TDS-CM-4011431","Validated","19-Mar-2023","Credit Memo","            -963.00","            -963.00","                .00","11255-TDS-CM-4011431","IMMEDIATE","19-Mar-2023","N","","CHECK","",
"27-SOLAPUR","8328","Validated","19-Mar-2023","Standard","           2,400.00","           2,400.00","                .00","TRANSPORTATION CHARGES FOR FREIGHT INWARD","IMMEDIATE","19-Mar-2023","N","","CHECK","",
"27-SOLAPUR","E-142-TDS-CM-4012974","Validated","19-Mar-2023","Credit Memo","            -615.04","            -615.04","                .00","E-142-TDS-CM-4012974","IMMEDIATE","19-Mar-2023","N","","CHECK","",
"27-SOLAPUR","9082","Validated","16-Mar-2023","Standard","          11,638.00","          11,638.00","                .00","Party LR NO : 9082/Party LR Date : 06-MAR-23","IMMEDIATE","16-Mar-2023","N","","CHECK","",
"27-SOLAPUR","9082-TDS-CM-3988702","Validated","16-Mar-2023","Credit Memo","            -116.38","            -116.38","                .00","9082-TDS-CM-3988702","IMMEDIATE","16-Mar-2023","N","","CHECK","",
"27-SOLAPUR","9069-TDS-CM-3988703","Validated","16-Mar-2023","Credit Memo","             -51.70","             -51.70","                .00","9069-TDS-CM-3988703","IMMEDIATE","16-Mar-2023","N","","CHECK","",
"27-SOLAPUR","8974-TDS-CM-3988701","Validated","16-Mar-2023","Credit Memo","            -116.38","            -116.38","                .00","8974-TDS-CM-3988701","IMMEDIATE","16-Mar-2023","N","","CHECK","",
"27-SOLAPUR","9069","Validated","16-Mar-2023","Standard","           5,170.00","           5,170.00","                .00","Party LR NO : 9069/Party LR Date : 26-FEB-23","IMMEDIATE","16-Mar-2023","N","","CHECK","",
"27-SOLAPUR","8974","Validated","16-Mar-2023","Standard","          11,638.00","          11,638.00","                .00","Party LR NO : 8974/Party LR Date : 06-JAN-23","IMMEDIATE","16-Mar-2023","N","","CHECK","",
"27-SOLAPUR","8341-TDS-CM-4022472","Validated","15-Mar-2023","Credit Memo","             -24.00","             -24.00","                .00","8341-TDS-CM-4022472","IMMEDIATE","15-Mar-2023","N","","CHECK","",
"27-SOLAPUR","8341","Validated","15-Mar-2023","Standard","           2,400.00","           2,400.00","                .00","TRANSPORTATION CHARGES FOR FREIGHT INWARD","IMMEDIATE","15-Mar-2023","N","","CHECK","",
"27-SOLAPUR","8321-TDS-CM-3964102","Validated","14-Mar-2023","Credit Memo","            -116.38","            -116.38","                .00","8321-TDS-CM-3964102","IMMEDIATE","14-Mar-2023","N","","CHECK","",
"27-SOLAPUR","8321","Validated","14-Mar-2023","Standard","          11,638.00","          11,638.00","                .00","Party LR NO : 8321/Party LR Date : 08-FEB-23","IMMEDIATE","14-Mar-2023","N","","CHECK","",
"27-SOLAPUR","8339-TDS-CM-4022475","Validated","12-Mar-2023","Credit Memo","             -24.00","             -24.00","                .00","8339-TDS-CM-4022475","IMMEDIATE","12-Mar-2023","N","","CHECK","",
"27-SOLAPUR","8339","Validated","12-Mar-2023","Standard","           2,400.00","           2,400.00","                .00","TRANSPORTATION CHARGES FOR FREIGHT INWARD","IMMEDIATE","12-Mar-2023","N","","CHECK","",
"27-SOLAPUR","8323-TDS-CM-3964058","Validated","10-Mar-2023","Credit Memo","             -51.70","             -51.70","                .00","8323-TDS-CM-3964058","IMMEDIATE","10-Mar-2023","N","","CHECK","",
"27-SOLAPUR","8323","Validated","10-Mar-2023","Standard","           5,170.00","           5,170.00","                .00","Party LR NO : 8323/Party LR Date : 10-FEB-23","IMMEDIATE","10-Mar-2023","N","","CHECK","",
"27-SOLAPUR","8324","Validated","09-Mar-2023","Standard","           5,170.00","           5,170.00","                .00","Party LR NO : 8324/Party LR Date : 16-FEB-23","IMMEDIATE","09-Mar-2023","N","","CHECK","",
"27-SOLAPUR","8324-TDS-CM-3959510","Validated","09-Mar-2023","Credit Memo","             -51.70","             -51.70","                .00","8324-TDS-CM-3959510","IMMEDIATE","09-Mar-2023","N","","CHECK","",
"27-SOLAPUR","9011","Validated","09-Mar-2023","Standard","          11,638.00","          11,638.00","                .00","Party LR NO : 9011/Party LR Date : 23-JAN-23","IMMEDIATE","09-Mar-2023","N","","CHECK","",
"27-SOLAPUR","9011-TDS-CM-3959522","Validated","09-Mar-2023","Credit Memo","            -116.38","            -116.38","                .00","9011-TDS-CM-3959522","IMMEDIATE","09-Mar-2023","N","","CHECK","",
"27-SOLAPUR","9028","Validated","09-Mar-2023","Standard","          11,638.00","          11,638.00","                .00","Party LR NO : 9028/Party LR Date : 03-FEB-23","IMMEDIATE","09-Mar-2023","N","","CHECK","",
"27-SOLAPUR","9028-TDS-CM-3959524","Validated","09-Mar-2023","Credit Memo","            -116.38","            -116.38","                .00","9028-TDS-CM-3959524","IMMEDIATE","09-Mar-2023","N","","CHECK","",
"27-SOLAPUR","9030","Validated","09-Mar-2023","Standard","          19,220.00","          19,220.00","                .00","Party LR NO : 9030/Party LR Date : 05-FEB-23","IMMEDIATE","09-Mar-2023","N","","CHECK","",
"27-SOLAPUR","9030-TDS-CM-3959519","Validated","09-Mar-2023","Credit Memo","            -192.20","            -192.20","                .00","9030-TDS-CM-3959519","IMMEDIATE","09-Mar-2023","N","","CHECK","",
"27-SOLAPUR","9031","Validated","09-Mar-2023","Standard","          11,638.00","          11,638.00","                .00","Party LR NO : 9031/Party LR Date : 06-FEB-23","IMMEDIATE","09-Mar-2023","N","","CHECK","",
"27-SOLAPUR","9031-TDS-CM-3959526","Validated","09-Mar-2023","Credit Memo","            -116.38","            -116.38","                .00","9031-TDS-CM-3959526","IMMEDIATE","09-Mar-2023","N","","CHECK","",
"27-SOLAPUR","9032","Validated","09-Mar-2023","Standard","          19,220.00","          19,220.00","                .00","Party LR NO : 9032/Party LR Date : 06-FEB-23","IMMEDIATE","09-Mar-2023","N","","CHECK","",
"27-SOLAPUR","9032-TDS-CM-3959511","Validated","09-Mar-2023","Credit Memo","            -192.20","            -192.20","                .00","9032-TDS-CM-3959511","IMMEDIATE","09-Mar-2023","N","","CHECK","",
"27-SOLAPUR","9033","Validated","09-Mar-2023","Standard","          11,638.00","          11,638.00","                .00","Party LR NO : 9033/Party LR Date : 07-FEB-23","IMMEDIATE","09-Mar-2023","N","","CHECK","",
"27-SOLAPUR","9033-TDS-CM-3959509","Validated","09-Mar-2023","Credit Memo","            -116.38","            -116.38","                .00","9033-TDS-CM-3959509","IMMEDIATE","09-Mar-2023","N","","CHECK","",
"27-SOLAPUR","9034","Validated","09-Mar-2023","Standard","          19,220.00","          19,220.00","                .00","Party LR NO : 9034/Party LR Date : 07-FEB-23","IMMEDIATE","09-Mar-2023","N","","CHECK","",
"27-SOLAPUR","9034-TDS-CM-3959517","Validated","09-Mar-2023","Credit Memo","            -192.20","            -192.20","                .00","9034-TDS-CM-3959517","IMMEDIATE","09-Mar-2023","N","","CHECK","",
"27-SOLAPUR","9037","Validated","09-Mar-2023","Standard","           5,170.00","           5,170.00","                .00","Party LR NO : 9037/Party LR Date : 09-FEB-23","IMMEDIATE","09-Mar-2023","N","","CHECK","",
"27-SOLAPUR","9037-TDS-CM-3959533","Validated","09-Mar-2023","Credit Memo","             -51.70","             -51.70","                .00","9037-TDS-CM-3959533","IMMEDIATE","09-Mar-2023","N","","CHECK","",
"27-SOLAPUR","9038","Validated","09-Mar-2023","Standard","          19,220.00","          19,220.00","                .00","Party LR NO : 9038/Party LR Date : 11-FEB-23","IMMEDIATE","09-Mar-2023","N","","CHECK","",
"27-SOLAPUR","9038-TDS-CM-3959508","Validated","09-Mar-2023","Credit Memo","            -192.20","            -192.20","                .00","9038-TDS-CM-3959508","IMMEDIATE","09-Mar-2023","N","","CHECK","",
"27-SOLAPUR","9039","Validated","09-Mar-2023","Standard","          11,638.00","          11,638.00","                .00","Party LR NO : 9039/Party LR Date : 11-FEB-23","IMMEDIATE","09-Mar-2023","N","","CHECK","",
"27-SOLAPUR","9039-TDS-CM-3959530","Validated","09-Mar-2023","Credit Memo","            -116.38","            -116.38","                .00","9039-TDS-CM-3959530","IMMEDIATE","09-Mar-2023","N","","CHECK","",
"27-SOLAPUR","9040","Validated","09-Mar-2023","Standard","           5,170.00","           5,170.00","                .00","Party LR NO : 9040/Party LR Date : 11-FEB-23","IMMEDIATE","09-Mar-2023","N","","CHECK","",
"27-SOLAPUR","9040-TDS-CM-3959506","Validated","09-Mar-2023","Credit Memo","             -51.70","             -51.70","                .00","9040-TDS-CM-3959506","IMMEDIATE","09-Mar-2023","N","","CHECK","",
"27-SOLAPUR","9041","Validated","09-Mar-2023","Standard","          11,638.00","          11,638.00","                .00","Party LR NO : 9041/Party LR Date : 12-FEB-23","IMMEDIATE","09-Mar-2023","N","","CHECK","",
"27-SOLAPUR","9041-TDS-CM-3959528","Validated","09-Mar-2023","Credit Memo","            -116.38","            -116.38","                .00","9041-TDS-CM-3959528","IMMEDIATE","09-Mar-2023","N","","CHECK","",
"27-SOLAPUR","9042","Validated","09-Mar-2023","Standard","           5,170.00","           5,170.00","                .00","Party LR NO : 9042/Party LR Date : 12-FEB-23","IMMEDIATE","09-Mar-2023","N","","CHECK","",
"27-SOLAPUR","9042-TDS-CM-3959534","Validated","09-Mar-2023","Credit Memo","             -51.70","             -51.70","                .00","9042-TDS-CM-3959534","IMMEDIATE","09-Mar-2023","N","","CHECK","",
"27-SOLAPUR","9043","Validated","09-Mar-2023","Standard","          11,638.00","          11,638.00","                .00","Party LR NO : 9043/Party LR Date : 13-FEB-23","IMMEDIATE","09-Mar-2023","N","","CHECK","",
"27-SOLAPUR","9043-TDS-CM-3959529","Validated","09-Mar-2023","Credit Memo","            -116.38","            -116.38","                .00","9043-TDS-CM-3959529","IMMEDIATE","09-Mar-2023","N","","CHECK","",
"27-SOLAPUR","9045","Validated","09-Mar-2023","Standard","           5,170.00","           5,170.00","                .00","Party LR NO : 9045/Party LR Date : 13-FEB-23","IMMEDIATE","09-Mar-2023","N","","CHECK","",
"27-SOLAPUR","9045-TDS-CM-3959507","Validated","09-Mar-2023","Credit Memo","             -51.70","             -51.70","                .00","9045-TDS-CM-3959507","IMMEDIATE","09-Mar-2023","N","","CHECK","",
"27-SOLAPUR","9048","Validated","09-Mar-2023","Standard","          11,638.00","          11,638.00","                .00","Party LR NO : 9048/Party LR Date : 14-FEB-23","IMMEDIATE","09-Mar-2023","N","","CHECK","",
"27-SOLAPUR","9048-TDS-CM-3959518","Validated","09-Mar-2023","Credit Memo","            -116.38","            -116.38","                .00","9048-TDS-CM-3959518","IMMEDIATE","09-Mar-2023","N","","CHECK","",
"27-SOLAPUR","9049","Validated","09-Mar-2023","Standard","           5,170.00","           5,170.00","                .00","Party LR NO : 9049/Party LR Date : 14-FEB-23","IMMEDIATE","09-Mar-2023","N","","CHECK","",
"27-SOLAPUR","9049-TDS-CM-3959537","Validated","09-Mar-2023","Credit Memo","             -51.70","             -51.70","                .00","9049-TDS-CM-3959537","IMMEDIATE","09-Mar-2023","N","","CHECK","",
"27-SOLAPUR","9050","Validated","09-Mar-2023","Standard","          11,638.00","          11,638.00","                .00","Party LR NO : 9050/Party LR Date : 16-FEB-23","IMMEDIATE","09-Mar-2023","N","","CHECK","",
"27-SOLAPUR","9050-TDS-CM-3959527","Validated","09-Mar-2023","Credit Memo","            -116.38","            -116.38","                .00","9050-TDS-CM-3959527","IMMEDIATE","09-Mar-2023","N","","CHECK","",
"27-SOLAPUR","9052","Validated","09-Mar-2023","Standard","           5,170.00","           5,170.00","                .00","Party LR NO : 9052/Party LR Date : 16-FEB-23","IMMEDIATE","09-Mar-2023","N","","CHECK","",
"27-SOLAPUR","9052-TDS-CM-3959532","Validated","09-Mar-2023","Credit Memo","             -51.70","             -51.70","                .00","9052-TDS-CM-3959532","IMMEDIATE","09-Mar-2023","N","","CHECK","",
"27-SOLAPUR","9053","Validated","09-Mar-2023","Standard","          11,638.00","          11,638.00","                .00","Party LR NO : 9053/Party LR Date : 17-FEB-23","IMMEDIATE","09-Mar-2023","N","","CHECK","",
"27-SOLAPUR","9053-TDS-CM-3959523","Validated","09-Mar-2023","Credit Memo","            -116.38","            -116.38","                .00","9053-TDS-CM-3959523","IMMEDIATE","09-Mar-2023","N","","CHECK","",
"27-SOLAPUR","9054","Validated","09-Mar-2023","Standard","          19,220.00","          19,220.00","                .00","Party LR NO : 9054/Party LR Date : 17-FEB-23","IMMEDIATE","09-Mar-2023","N","","CHECK","",
"27-SOLAPUR","9054-TDS-CM-3959516","Validated","09-Mar-2023","Credit Memo","            -192.20","            -192.20","                .00","9054-TDS-CM-3959516","IMMEDIATE","09-Mar-2023","N","","CHECK","",
"27-SOLAPUR","9055","Validated","09-Mar-2023","Standard","          11,638.00","          11,638.00","                .00","Party LR NO : 9055/Party LR Date : 19-FEB-23","IMMEDIATE","09-Mar-2023","N","","CHECK","",
"27-SOLAPUR","9055-TDS-CM-3959521","Validated","09-Mar-2023","Credit Memo","            -116.38","            -116.38","                .00","9055-TDS-CM-3959521","IMMEDIATE","09-Mar-2023","N","","CHECK","",
"27-SOLAPUR","9056","Validated","09-Mar-2023","Standard","          19,220.00","          19,220.00","                .00","Party LR NO : 9056/Party LR Date : 18-FEB-23","IMMEDIATE","09-Mar-2023","N","","CHECK","",
"27-SOLAPUR","9056-TDS-CM-3959525","Validated","09-Mar-2023","Credit Memo","            -192.20","            -192.20","                .00","9056-TDS-CM-3959525","IMMEDIATE","09-Mar-2023","N","","CHECK","",
"27-SOLAPUR","9057","Validated","09-Mar-2023","Standard","          19,220.00","          19,220.00","                .00","Party LR NO : 9057/Party LR Date : 20-FEB-23","IMMEDIATE","09-Mar-2023","N","","CHECK","",
"27-SOLAPUR","9057-TDS-CM-3959505","Validated","09-Mar-2023","Credit Memo","            -192.20","            -192.20","                .00","9057-TDS-CM-3959505","IMMEDIATE","09-Mar-2023","N","","CHECK","",
"27-SOLAPUR","9058","Validated","09-Mar-2023","Standard","          19,220.00","          19,220.00","                .00","Party LR NO : 9058/Party LR Date : 20-FEB-23","IMMEDIATE","09-Mar-2023","N","","CHECK","",
"27-SOLAPUR","9058-TDS-CM-3959512","Validated","09-Mar-2023","Credit Memo","            -192.20","            -192.20","                .00","9058-TDS-CM-3959512","IMMEDIATE","09-Mar-2023","N","","CHECK","",
"27-SOLAPUR","9059","Validated","09-Mar-2023","Standard","          11,638.00","          11,638.00","                .00","Party LR NO : 9059/Party LR Date : 20-FEB-23","IMMEDIATE","09-Mar-2023","N","","CHECK","",
"27-SOLAPUR","9059-TDS-CM-3959520","Validated","09-Mar-2023","Credit Memo","            -116.38","            -116.38","                .00","9059-TDS-CM-3959520","IMMEDIATE","09-Mar-2023","N","","CHECK","",
"27-SOLAPUR","9061","Validated","09-Mar-2023","Standard","          11,638.00","          11,638.00","                .00","Party LR NO : 9061/Party LR Date : 21-FEB-23","IMMEDIATE","09-Mar-2023","N","","CHECK","",
"27-SOLAPUR","9061-TDS-CM-3959515","Validated","09-Mar-2023","Credit Memo","            -116.38","            -116.38","                .00","9061-TDS-CM-3959515","IMMEDIATE","09-Mar-2023","N","","CHECK","",
"27-SOLAPUR","9062","Validated","09-Mar-2023","Standard","          11,638.00","          11,638.00","                .00","Party LR NO : 9062/Party LR Date : 23-FEB-23","IMMEDIATE","09-Mar-2023","N","","CHECK","",
"27-SOLAPUR","9062-TDS-CM-3959503","Validated","09-Mar-2023","Credit Memo","            -116.38","            -116.38","                .00","9062-TDS-CM-3959503","IMMEDIATE","09-Mar-2023","N","","CHECK","",
"27-SOLAPUR","9064","Validated","09-Mar-2023","Standard","          11,638.00","          11,638.00","                .00","Party LR NO : 9064/Party LR Date : 25-FEB-23","IMMEDIATE","09-Mar-2023","N","","CHECK","",
"27-SOLAPUR","9064-TDS-CM-3959513","Validated","09-Mar-2023","Credit Memo","            -116.38","            -116.38","                .00","9064-TDS-CM-3959513","IMMEDIATE","09-Mar-2023","N","","CHECK","",
"27-SOLAPUR","9065","Validated","09-Mar-2023","Standard","           5,170.00","           5,170.00","                .00","Party LR NO : 9065/Party LR Date : 24-FEB-23","IMMEDIATE","09-Mar-2023","N","","CHECK","",
"27-SOLAPUR","9065-TDS-CM-3959531","Validated","09-Mar-2023","Credit Memo","             -51.70","             -51.70","                .00","9065-TDS-CM-3959531","IMMEDIATE","09-Mar-2023","N","","CHECK","",
"27-SOLAPUR","9066","Validated","09-Mar-2023","Standard","          19,220.00","          19,220.00","                .00","Party LR NO : 9066/Party LR Date : 24-FEB-23","IMMEDIATE","09-Mar-2023","N","","CHECK","",
"27-SOLAPUR","9066-TDS-CM-3959504","Validated","09-Mar-2023","Credit Memo","            -192.20","            -192.20","                .00","9066-TDS-CM-3959504","IMMEDIATE","09-Mar-2023","N","","CHECK","",
"27-SOLAPUR","9067","Validated","09-Mar-2023","Standard","          11,638.00","          11,638.00","                .00","Party LR NO : 9067/Party LR Date : 25-FEB-23","IMMEDIATE","09-Mar-2023","N","","CHECK","",
"27-SOLAPUR","9067-TDS-CM-3959514","Validated","09-Mar-2023","Credit Memo","            -116.38","            -116.38","                .00","9067-TDS-CM-3959514","IMMEDIATE","09-Mar-2023","N","","CHECK","",
"27-SOLAPUR","8347-TDS-CM-4022462","Validated","04-Mar-2023","Credit Memo","             -18.00","             -18.00","                .00","8347-TDS-CM-4022462","IMMEDIATE","04-Mar-2023","N","","CHECK","",
"27-SOLAPUR","8347","Validated","04-Mar-2023","Standard","           1,800.00","           1,800.00","                .00","TRANSPORTATION CHARGES FOR FREIGHT INWARD","IMMEDIATE","04-Mar-2023","N","","CHECK","",
"27-SOLAPUR","A175","Validated","23-Feb-2023","Standard","          46,800.00","          46,800.00","                .00","TRANSPORTATION CHARGES FOR FREIGHT INWARD","IMMEDIATE","23-Feb-2023","N","","CHECK","",
"27-SOLAPUR","A175-TDS-CM-3969786","Validated","23-Feb-2023","Credit Memo","            -468.00","            -468.00","                .00","A175-TDS-CM-3969786","IMMEDIATE","23-Feb-2023","N","","CHECK","",
"27-SOLAPUR","11252","Validated","22-Feb-2023","Standard","          64,748.00","          64,748.00","                .00","TRANSPORTATION CHARGES FOR FREIGHT INWARD","IMMEDIATE","22-Feb-2023","N","","CHECK","",
"27-SOLAPUR","11252-TDS-CM-3969756","Validated","22-Feb-2023","Credit Memo","            -647.48","            -647.48","                .00","11252-TDS-CM-3969756","IMMEDIATE","22-Feb-2023","N","","CHECK","",
"27-SOLAPUR","9021-TDS-CM-3919831","Validated","20-Feb-2023","Credit Memo","            -116.38","            -116.38","                .00","9021-TDS-CM-3919831","IMMEDIATE","20-Feb-2023","N","","CHECK","",
"27-SOLAPUR","9029","Validated","20-Feb-2023","Standard","          11,638.00","          11,638.00","                .00","Party LR NO : 9029/Party LR Date : 04-FEB-23","IMMEDIATE","20-Feb-2023","N","","CHECK","",
"27-SOLAPUR","9029-TDS-CM-3919829","Validated","20-Feb-2023","Credit Memo","            -116.38","            -116.38","                .00","9029-TDS-CM-3919829","IMMEDIATE","20-Feb-2023","N","","CHECK","",
"27-SOLAPUR","9021","Validated","20-Feb-2023","Standard","          11,638.00","          11,638.00","                .00","Party LR NO : 9021/Party LR Date : 30-JAN-23","IMMEDIATE","20-Feb-2023","N","","CHECK","",
"27-SOLAPUR","9020-TDS-CM-3919833","Validated","20-Feb-2023","Credit Memo","            -192.20","            -192.20","                .00","9020-TDS-CM-3919833","IMMEDIATE","20-Feb-2023","N","","CHECK","",
"27-SOLAPUR","9020","Validated","20-Feb-2023","Standard","          19,220.00","          19,220.00","                .00","Party LR NO : 9020/Party LR Date : 29-JAN-23","IMMEDIATE","20-Feb-2023","N","","CHECK","",
"27-SOLAPUR","9019","Validated","20-Feb-2023","Standard","          19,220.00","          19,220.00","                .00","Party LR NO : 9019/Party LR Date : 28-JAN-23","IMMEDIATE","20-Feb-2023","N","","CHECK","",
"27-SOLAPUR","9019-TDS-CM-3919825","Validated","20-Feb-2023","Credit Memo","            -192.20","            -192.20","                .00","9019-TDS-CM-3919825","IMMEDIATE","20-Feb-2023","N","","CHECK","",
"27-SOLAPUR","8983-TDS-CM-3919847","Validated","20-Feb-2023","Credit Memo","            -116.38","            -116.38","                .00","8983-TDS-CM-3919847","IMMEDIATE","20-Feb-2023","N","","CHECK","",
"27-SOLAPUR","8983","Validated","20-Feb-2023","Standard","          11,638.00","          11,638.00","                .00","Party LR NO : 8983/Party LR Date : 10-JAN-23","IMMEDIATE","20-Feb-2023","N","","CHECK","",
"27-SOLAPUR","8979-TDS-CM-3919827","Validated","20-Feb-2023","Credit Memo","            -116.38","            -116.38","                .00","8979-TDS-CM-3919827","IMMEDIATE","20-Feb-2023","N","","CHECK","",
"27-SOLAPUR","8979","Validated","20-Feb-2023","Standard","          11,638.00","          11,638.00","                .00","Party LR NO : 8979/Party LR Date : 09-JAN-23","IMMEDIATE","20-Feb-2023","N","","CHECK","",
"27-SOLAPUR","9022","Validated","18-Feb-2023","Standard","          11,638.00","          11,638.00","                .00","Party LR NO : 9022/Party LR Date : 30-JAN-23","IMMEDIATE","18-Feb-2023","N","","CHECK","",
"27-SOLAPUR","9022-TDS-CM-3919802","Validated","18-Feb-2023","Credit Memo","            -116.38","            -116.38","                .00","9022-TDS-CM-3919802","IMMEDIATE","18-Feb-2023","N","","CHECK","",
"27-SOLAPUR","8995-TDS-CM-3919789","Validated","17-Feb-2023","Credit Memo","             -51.70","             -51.70","                .00","8995-TDS-CM-3919789","IMMEDIATE","17-Feb-2023","N","","CHECK","",
"27-SOLAPUR","9002","Validated","17-Feb-2023","Standard","           5,170.00","           5,170.00","                .00","Party LR NO : 9002/Party LR Date : 19-JAN-23","IMMEDIATE","17-Feb-2023","N","","CHECK","",
"27-SOLAPUR","8993","Validated","17-Feb-2023","Standard","          11,638.00","          11,638.00","                .00","Party LR NO : 8993/Party LR Date : 15-JAN-23","IMMEDIATE","17-Feb-2023","N","","CHECK","",
"27-SOLAPUR","8995","Validated","17-Feb-2023","Standard","           5,170.00","           5,170.00","                .00","Party LR NO : 8995/Party LR Date : 16-JAN-23","IMMEDIATE","17-Feb-2023","N","","CHECK","",
"27-SOLAPUR","8993-TDS-CM-3919771","Validated","17-Feb-2023","Credit Memo","            -116.38","            -116.38","                .00","8993-TDS-CM-3919771","IMMEDIATE","17-Feb-2023","N","","CHECK","",
"27-SOLAPUR","9002-TDS-CM-3919787","Validated","17-Feb-2023","Credit Memo","             -51.70","             -51.70","                .00","9002-TDS-CM-3919787","IMMEDIATE","17-Feb-2023","N","","CHECK","",
"27-SOLAPUR","9023","Validated","14-Feb-2023","Standard","          19,220.00","          19,220.00","                .00","Party LR NO : 9023/Party LR Date : 31-JAN-23","IMMEDIATE","14-Feb-2023","N","","CHECK","",
"27-SOLAPUR","9023-TDS-CM-3919744","Validated","14-Feb-2023","Credit Memo","            -192.20","            -192.20","                .00","9023-TDS-CM-3919744","IMMEDIATE","14-Feb-2023","N","","CHECK","",
"27-SOLAPUR","9024","Validated","14-Feb-2023","Standard","           5,170.00","           5,170.00","                .00","Party LR NO : 9024/Party LR Date : 31-JAN-23","IMMEDIATE","14-Feb-2023","N","","CHECK","",
"27-SOLAPUR","9024-TDS-CM-3919739","Validated","14-Feb-2023","Credit Memo","             -51.70","             -51.70","                .00","9024-TDS-CM-3919739","IMMEDIATE","14-Feb-2023","N","","CHECK","",
"27-SOLAPUR","9026","Validated","14-Feb-2023","Standard","           5,170.00","           5,170.00","                .00","Party LR NO : 9026/Party LR Date : 31-JAN-23","IMMEDIATE","14-Feb-2023","N","","CHECK","",
"27-SOLAPUR","9026-TDS-CM-3919669","Validated","14-Feb-2023","Credit Memo","             -51.70","             -51.70","                .00","9026-TDS-CM-3919669","IMMEDIATE","14-Feb-2023","N","","CHECK","",
"27-SOLAPUR","9027","Validated","14-Feb-2023","Standard","          11,638.00","          11,638.00","                .00","Party LR NO : 9027/Party LR Date : 02-FEB-23","IMMEDIATE","14-Feb-2023","N","","CHECK","",
"27-SOLAPUR","9027-TDS-CM-3919732","Validated","14-Feb-2023","Credit Memo","            -116.38","            -116.38","                .00","9027-TDS-CM-3919732","IMMEDIATE","14-Feb-2023","N","","CHECK","",
"27-SOLAPUR","9000","Validated","14-Feb-2023","Standard","          11,638.00","          11,638.00","                .00","Party LR NO : 9000/Party LR Date : 17-JAN-23","IMMEDIATE","14-Feb-2023","N","","CHECK","",
"27-SOLAPUR","9000-TDS-CM-3919738","Validated","14-Feb-2023","Credit Memo","            -116.38","            -116.38","                .00","9000-TDS-CM-3919738","IMMEDIATE","14-Feb-2023","N","","CHECK","",
"27-SOLAPUR","9001","Validated","14-Feb-2023","Standard","          19,220.00","          19,220.00","                .00","Party LR NO : 9001/Party LR Date : 19-JAN-23","IMMEDIATE","14-Feb-2023","N","","CHECK","",
"27-SOLAPUR","9001-TDS-CM-3919736","Validated","14-Feb-2023","Credit Memo","            -192.20","            -192.20","                .00","9001-TDS-CM-3919736","IMMEDIATE","14-Feb-2023","N","","CHECK","",
"27-SOLAPUR","9018","Validated","14-Feb-2023","Standard","          11,638.00","          11,638.00","                .00","Party LR NO : 9018/Party LR Date : 28-JAN-23","IMMEDIATE","14-Feb-2023","N","","CHECK","",
"27-SOLAPUR","9018-TDS-CM-3919734","Validated","14-Feb-2023","Credit Memo","            -116.38","            -116.38","                .00","9018-TDS-CM-3919734","IMMEDIATE","14-Feb-2023","N","","CHECK","",
"27-SOLAPUR","E-140-TDS-CM-3924161","Validated","10-Feb-2023","Credit Memo","            -708.14","            -708.14","                .00","E-140-TDS-CM-3924161","IMMEDIATE","10-Feb-2023","N","","CHECK","",
"27-SOLAPUR","9003","Validated","10-Feb-2023","Standard","          19,220.00","          19,220.00","                .00","Party LR NO : 9003/Party LR Date : 20-JAN-23","IMMEDIATE","10-Feb-2023","N","","CHECK","",
"27-SOLAPUR","9014-TDS-CM-3879989","Validated","10-Feb-2023","Credit Memo","            -116.38","            -116.38","                .00","9014-TDS-CM-3879989","IMMEDIATE","10-Feb-2023","N","","CHECK","",
"27-SOLAPUR","9014","Validated","10-Feb-2023","Standard","          11,638.00","          11,638.00","                .00","Party LR NO : 9014/Party LR Date : 23-JAN-23","IMMEDIATE","10-Feb-2023","N","","CHECK","",
"27-SOLAPUR","E-140","Validated","10-Feb-2023","Standard","          70,814.00","          70,814.00","                .00","TRANSPORTATION CHARGES FOR FREIGHT INWARD","IMMEDIATE","10-Feb-2023","N","","CHECK","",
"27-SOLAPUR","9003-TDS-CM-3879987","Validated","10-Feb-2023","Credit Memo","            -192.20","            -192.20","                .00","9003-TDS-CM-3879987","IMMEDIATE","10-Feb-2023","N","","CHECK","",
"27-SOLAPUR","9005","Validated","10-Feb-2023","Standard","          11,638.00","          11,638.00","                .00","Party LR NO : 9005/Party LR Date : 20-JAN-23","IMMEDIATE","10-Feb-2023","N","","CHECK","",
"27-SOLAPUR","9005-TDS-CM-3879990","Validated","10-Feb-2023","Credit Memo","            -116.38","            -116.38","                .00","9005-TDS-CM-3879990","IMMEDIATE","10-Feb-2023","N","","CHECK","",
"27-SOLAPUR","9008","Validated","10-Feb-2023","Standard","          19,220.00","          19,220.00","                .00","Party LR NO : 9008/Party LR Date : 21-JAN-23","IMMEDIATE","10-Feb-2023","N","","CHECK","",
"27-SOLAPUR","9008-TDS-CM-3879986","Validated","10-Feb-2023","Credit Memo","            -192.20","            -192.20","                .00","9008-TDS-CM-3879986","IMMEDIATE","10-Feb-2023","N","","CHECK","",
"27-SOLAPUR","8997-TDS-CM-3879984","Validated","10-Feb-2023","Credit Memo","            -192.20","            -192.20","                .00","8997-TDS-CM-3879984","IMMEDIATE","10-Feb-2023","N","","CHECK","",
"27-SOLAPUR","8997","Validated","10-Feb-2023","Standard","          19,220.00","          19,220.00","                .00","Party LR NO : 8997/Party LR Date : 17-JAN-23","IMMEDIATE","10-Feb-2023","N","","CHECK","",
"27-SOLAPUR","9016","Validated","10-Feb-2023","Standard","          11,638.00","          11,638.00","                .00","Party LR NO : 9016/Party LR Date : 27-JAN-23","IMMEDIATE","10-Feb-2023","N","","CHECK","",
"27-SOLAPUR","9016-TDS-CM-3879988","Validated","10-Feb-2023","Credit Memo","            -116.38","            -116.38","                .00","9016-TDS-CM-3879988","IMMEDIATE","10-Feb-2023","N","","CHECK","",
"27-SOLAPUR","8996","Validated","08-Feb-2023","Standard","          19,220.00","          19,220.00","                .00","Party LR NO : 8996/Party LR Date : 17-JAN-23","IMMEDIATE","08-Feb-2023","N","","CHECK","",
"27-SOLAPUR","8996-TDS-CM-3879961","Validated","08-Feb-2023","Credit Memo","            -192.20","            -192.20","                .00","8996-TDS-CM-3879961","IMMEDIATE","08-Feb-2023","N","","CHECK","",
"27-SOLAPUR","9004","Validated","08-Feb-2023","Standard","          11,638.00","          11,638.00","                .00","Party LR NO : 9004/Party LR Date : 20-JAN-23","IMMEDIATE","08-Feb-2023","N","","CHECK","",
"27-SOLAPUR","9004-TDS-CM-3879966","Validated","08-Feb-2023","Credit Memo","            -116.38","            -116.38","                .00","9004-TDS-CM-3879966","IMMEDIATE","08-Feb-2023","N","","CHECK","",
"27-SOLAPUR","8998","Validated","08-Feb-2023","Standard","          11,638.00","          11,638.00","                .00","Party LR NO : 8998/Party LR Date : 28-JAN-23","IMMEDIATE","08-Feb-2023","N","","CHECK","",
"27-SOLAPUR","8998-TDS-CM-3879962","Validated","08-Feb-2023","Credit Memo","            -116.38","            -116.38","                .00","8998-TDS-CM-3879962","IMMEDIATE","08-Feb-2023","N","","CHECK","",
"27-SOLAPUR","9013","Validated","07-Feb-2023","Standard","          19,220.00","          19,220.00","                .00","Party LR NO : 9013/Party LR Date : 23-JAN-23","IMMEDIATE","07-Feb-2023","N","","CHECK","",
"27-SOLAPUR","9013-TDS-CM-3879928","Validated","07-Feb-2023","Credit Memo","            -192.20","            -192.20","                .00","9013-TDS-CM-3879928","IMMEDIATE","07-Feb-2023","N","","CHECK","",
"27-SOLAPUR","9015","Validated","07-Feb-2023","Standard","          11,638.00","          11,638.00","                .00","Party LR NO : 9015/Party LR Date : 24-JAN-23","IMMEDIATE","07-Feb-2023","N","","CHECK","",
"27-SOLAPUR","9015-TDS-CM-3879930","Validated","07-Feb-2023","Credit Memo","            -116.38","            -116.38","                .00","9015-TDS-CM-3879930","IMMEDIATE","07-Feb-2023","N","","CHECK","",
"27-SOLAPUR","9012-TDS-CM-3879935","Validated","07-Feb-2023","Credit Memo","             -51.70","             -51.70","                .00","9012-TDS-CM-3879935","IMMEDIATE","07-Feb-2023","N","","CHECK","",
"27-SOLAPUR","9012","Validated","07-Feb-2023","Standard","           5,170.00","           5,170.00","                .00","Party LR NO : 9012/Party LR Date : 23-JAN-23","IMMEDIATE","07-Feb-2023","N","","CHECK","",
"27-SOLAPUR","9010-TDS-CM-3879931","Validated","07-Feb-2023","Credit Memo","            -116.38","            -116.38","                .00","9010-TDS-CM-3879931","IMMEDIATE","07-Feb-2023","N","","CHECK","",
"27-SOLAPUR","9010","Validated","07-Feb-2023","Standard","          11,638.00","          11,638.00","                .00","Party LR NO : 9010/Party LR Date : 22-JAN-23","IMMEDIATE","07-Feb-2023","N","","CHECK","",
"27-SOLAPUR","9009-TDS-CM-3879936","Validated","07-Feb-2023","Credit Memo","             -51.70","             -51.70","                .00","9009-TDS-CM-3879936","IMMEDIATE","07-Feb-2023","N","","CHECK","",
"27-SOLAPUR","9009","Validated","07-Feb-2023","Standard","           5,170.00","           5,170.00","                .00","Party LR NO : 9009/Party LR Date : 21-JAN-23","IMMEDIATE","07-Feb-2023","N","","CHECK","",
"27-SOLAPUR","9017-TDS-CM-3879927","Validated","07-Feb-2023","Credit Memo","            -192.20","            -192.20","                .00","9017-TDS-CM-3879927","IMMEDIATE","07-Feb-2023","N","","CHECK","",
"27-SOLAPUR","8999","Validated","07-Feb-2023","Standard","           5,170.00","           5,170.00","                .00","Party LR NO : 8999/Party LR Date : 16-JAN-23","IMMEDIATE","07-Feb-2023","N","","CHECK","",
"27-SOLAPUR","8994-TDS-CM-3879932","Validated","07-Feb-2023","Credit Memo","            -116.38","            -116.38","                .00","8994-TDS-CM-3879932","IMMEDIATE","07-Feb-2023","N","","CHECK","",
"27-SOLAPUR","8994","Validated","07-Feb-2023","Standard","          11,638.00","          11,638.00","                .00","Party LR NO : 8994/Party LR Date : 15-JAN-23","IMMEDIATE","07-Feb-2023","N","","CHECK","",
"27-SOLAPUR","8992-TDS-CM-3879926","Validated","07-Feb-2023","Credit Memo","            -116.38","            -116.38","                .00","8992-TDS-CM-3879926","IMMEDIATE","07-Feb-2023","N","","CHECK","",
"27-SOLAPUR","8992","Validated","07-Feb-2023","Standard","          11,638.00","          11,638.00","                .00","Party LR NO : 8992/Party LR Date : 16-JAN-23","IMMEDIATE","07-Feb-2023","N","","CHECK","",
"27-SOLAPUR","8991-TDS-CM-3879933","Validated","07-Feb-2023","Credit Memo","            -116.38","            -116.38","                .00","8991-TDS-CM-3879933","IMMEDIATE","07-Feb-2023","N","","CHECK","",
"27-SOLAPUR","8991","Validated","07-Feb-2023","Standard","          11,638.00","          11,638.00","                .00","Party LR NO : 8991/Party LR Date : 14-JAN-23","IMMEDIATE","07-Feb-2023","N","","CHECK","",
"27-SOLAPUR","8988-TDS-CM-3879919","Validated","07-Feb-2023","Credit Memo","             -51.70","             -51.70","                .00","8988-TDS-CM-3879919","IMMEDIATE","07-Feb-2023","N","","CHECK","",
"27-SOLAPUR","8988","Validated","07-Feb-2023","Standard","           5,170.00","           5,170.00","                .00","Party LR NO : 8988/Party LR Date : 14-JAN-23","IMMEDIATE","07-Feb-2023","N","","CHECK","",
"27-SOLAPUR","8985-TDS-CM-3879929","Validated","07-Feb-2023","Credit Memo","            -192.20","            -192.20","                .00","8985-TDS-CM-3879929","IMMEDIATE","07-Feb-2023","N","","CHECK","",
"27-SOLAPUR","8985","Validated","07-Feb-2023","Standard","          19,220.00","          19,220.00","                .00","Party LR NO : 8985/Party LR Date : 12-JAN-23","IMMEDIATE","07-Feb-2023","N","","CHECK","",
"27-SOLAPUR","8984-TDS-CM-3879939","Validated","07-Feb-2023","Credit Memo","             -51.70","             -51.70","                .00","8984-TDS-CM-3879939","IMMEDIATE","07-Feb-2023","N","","CHECK","",
"27-SOLAPUR","8984","Validated","07-Feb-2023","Standard","           5,170.00","           5,170.00","                .00","Party LR NO : 8984/Party LR Date : 12-JAN-23","IMMEDIATE","07-Feb-2023","N","","CHECK","",
"27-SOLAPUR","8999-TDS-CM-3879937","Validated","07-Feb-2023","Credit Memo","             -51.70","             -51.70","                .00","8999-TDS-CM-3879937","IMMEDIATE","07-Feb-2023","N","","CHECK","",
"27-SOLAPUR","9017","Validated","07-Feb-2023","Standard","          19,220.00","          19,220.00","                .00","Party LR NO : 9017/Party LR Date : 27-JAN-23","IMMEDIATE","07-Feb-2023","N","","CHECK","",
"27-SOLAPUR","11250","Validated","04-Feb-2023","Standard","         129,496.00","         129,496.00","                .00","TRANSPORTATION CHARGES FOR FREIGHT INWARD","IMMEDIATE","04-Feb-2023","N","","CHECK","",
"27-SOLAPUR","11250-TDS-CM-3887080","Validated","04-Feb-2023","Credit Memo","          -1,294.96","          -1,294.96","                .00","11250-TDS-CM-3887080","IMMEDIATE","04-Feb-2023","N","","CHECK","",
"27-SOLAPUR","8874","Validated","28-Jan-2023","Standard","           5,170.00","           5,170.00","                .00","Party LR NO : 8874/Party LR Date : 30-OCT-22","IMMEDIATE","28-Jan-2023","N","","CHECK","",
"27-SOLAPUR","8990-TDS-CM-3862006","Validated","28-Jan-2023","Credit Memo","            -116.38","            -116.38","                .00","8990-TDS-CM-3862006","IMMEDIATE","28-Jan-2023","N","","CHECK","",
"27-SOLAPUR","8920","Validated","28-Jan-2023","Standard","          11,638.00","          11,638.00","                .00","Party LR NO : 8920/Party LR Date : 04-DEC-22","IMMEDIATE","28-Jan-2023","N","","CHECK","",
"27-SOLAPUR","8920-TDS-CM-3862005","Validated","28-Jan-2023","Credit Memo","            -116.38","            -116.38","                .00","8920-TDS-CM-3862005","IMMEDIATE","28-Jan-2023","N","","CHECK","",
"27-SOLAPUR","8945","Validated","28-Jan-2023","Standard","          19,220.00","          19,220.00","                .00","Party LR NO : 8945/Party LR Date : 19-DEC-22","IMMEDIATE","28-Jan-2023","N","","CHECK","",
"27-SOLAPUR","8945-TDS-CM-3862017","Validated","28-Jan-2023","Credit Memo","            -192.20","            -192.20","                .00","8945-TDS-CM-3862017","IMMEDIATE","28-Jan-2023","N","","CHECK","",
"27-SOLAPUR","8949","Validated","28-Jan-2023","Standard","          19,220.00","          19,220.00","                .00","Party LR NO : 8949/Party LR Date : 22-DEC-22","IMMEDIATE","28-Jan-2023","N","","CHECK","",
"27-SOLAPUR","8949-TDS-CM-3887124","Validated","28-Jan-2023","Credit Memo","            -192.20","            -192.20","                .00","8949-TDS-CM-3887124","IMMEDIATE","28-Jan-2023","N","","CHECK","",
"27-SOLAPUR","8953","Validated","28-Jan-2023","Standard","          11,638.00","          11,638.00","                .00","Party LR NO : 8953/Party LR Date : 24-DEC-22","IMMEDIATE","28-Jan-2023","N","","CHECK","",
"27-SOLAPUR","8953-TDS-CM-3862003","Validated","28-Jan-2023","Credit Memo","            -116.38","            -116.38","                .00","8953-TDS-CM-3862003","IMMEDIATE","28-Jan-2023","N","","CHECK","",
"27-SOLAPUR","8959","Validated","28-Jan-2023","Standard","          19,220.00","          19,220.00","                .00","Party LR NO : 8959/Party LR Date : 27-DEC-22","IMMEDIATE","28-Jan-2023","N","","CHECK","",
"27-SOLAPUR","8959-TDS-CM-3862004","Validated","28-Jan-2023","Credit Memo","            -192.20","            -192.20","                .00","8959-TDS-CM-3862004","IMMEDIATE","28-Jan-2023","N","","CHECK","",
"27-SOLAPUR","8965","Validated","28-Jan-2023","Standard","          19,220.00","          19,220.00","                .00","Party LR NO : 8965/Party LR Date : 03-JAN-23","IMMEDIATE","28-Jan-2023","N","","CHECK","",
"27-SOLAPUR","8965-TDS-CM-3862014","Validated","28-Jan-2023","Credit Memo","            -192.20","            -192.20","                .00","8965-TDS-CM-3862014","IMMEDIATE","28-Jan-2023","N","","CHECK","",
"27-SOLAPUR","8967","Validated","28-Jan-2023","Standard","           5,170.00","           5,170.00","                .00","Party LR NO : 8967/Party LR Date : 31-DEC-22","IMMEDIATE","28-Jan-2023","N","","CHECK","",
"27-SOLAPUR","8967-TDS-CM-3861999","Validated","28-Jan-2023","Credit Memo","             -51.70","             -51.70","                .00","8967-TDS-CM-3861999","IMMEDIATE","28-Jan-2023","N","","CHECK","",
"27-SOLAPUR","8968","Validated","28-Jan-2023","Standard","          11,638.00","          11,638.00","                .00","Party LR NO : 8968/Party LR Date : 03-JAN-23","IMMEDIATE","28-Jan-2023","N","","CHECK","",
"27-SOLAPUR","8968-TDS-CM-3861996","Validated","28-Jan-2023","Credit Memo","            -116.38","            -116.38","                .00","8968-TDS-CM-3861996","IMMEDIATE","28-Jan-2023","N","","CHECK","",
"27-SOLAPUR","8970","Validated","28-Jan-2023","Standard","          11,638.00","          11,638.00","                .00","Party LR NO : 8970/Party LR Date : 04-JAN-23","IMMEDIATE","28-Jan-2023","N","","CHECK","",
"27-SOLAPUR","8970-TDS-CM-3862002","Validated","28-Jan-2023","Credit Memo","            -116.38","            -116.38","                .00","8970-TDS-CM-3862002","IMMEDIATE","28-Jan-2023","N","","CHECK","",
"27-SOLAPUR","8971","Validated","28-Jan-2023","Standard","          19,220.00","          19,220.00","                .00","Party LR NO : 8971/Party LR Date : 04-JAN-23","IMMEDIATE","28-Jan-2023","N","","CHECK","",
"27-SOLAPUR","8971-TDS-CM-3862011","Validated","28-Jan-2023","Credit Memo","            -192.20","            -192.20","                .00","8971-TDS-CM-3862011","IMMEDIATE","28-Jan-2023","N","","CHECK","",
"27-SOLAPUR","8972","Validated","28-Jan-2023","Standard","           5,170.00","           5,170.00","                .00","Party LR NO : 8972/Party LR Date : 05-JAN-23","IMMEDIATE","28-Jan-2023","N","","CHECK","",
"27-SOLAPUR","8972-TDS-CM-3862013","Validated","28-Jan-2023","Credit Memo","             -51.70","             -51.70","                .00","8972-TDS-CM-3862013","IMMEDIATE","28-Jan-2023","N","","CHECK","",
"27-SOLAPUR","8973","Validated","28-Jan-2023","Standard","          11,638.00","          11,638.00","                .00","Party LR NO : 8973/Party LR Date : 05-JAN-23","IMMEDIATE","28-Jan-2023","N","","CHECK","",
"27-SOLAPUR","8973-TDS-CM-3862000","Validated","28-Jan-2023","Credit Memo","            -116.38","            -116.38","                .00","8973-TDS-CM-3862000","IMMEDIATE","28-Jan-2023","N","","CHECK","",
"27-SOLAPUR","8975","Validated","28-Jan-2023","Standard","          11,638.00","          11,638.00","                .00","Party LR NO : 8975/Party LR Date : 07-JAN-23","IMMEDIATE","28-Jan-2023","N","","CHECK","",
"27-SOLAPUR","8975-TDS-CM-3862007","Validated","28-Jan-2023","Credit Memo","            -116.38","            -116.38","                .00","8975-TDS-CM-3862007","IMMEDIATE","28-Jan-2023","N","","CHECK","",
"27-SOLAPUR","8976","Validated","28-Jan-2023","Standard","           5,170.00","           5,170.00","                .00","Party LR NO : 8976/Party LR Date : 08-JAN-23","IMMEDIATE","28-Jan-2023","N","","CHECK","",
"27-SOLAPUR","8976-TDS-CM-3862001","Validated","28-Jan-2023","Credit Memo","             -51.70","             -51.70","                .00","8976-TDS-CM-3862001","IMMEDIATE","28-Jan-2023","N","","CHECK","",
"27-SOLAPUR","8977","Validated","28-Jan-2023","Standard","           5,170.00","           5,170.00","                .00","Party LR NO : 8977/Party LR Date : 07-JAN-23","IMMEDIATE","28-Jan-2023","N","","CHECK","",
"27-SOLAPUR","8977-TDS-CM-3861995","Validated","28-Jan-2023","Credit Memo","             -51.70","             -51.70","                .00","8977-TDS-CM-3861995","IMMEDIATE","28-Jan-2023","N","","CHECK","",
"27-SOLAPUR","8978","Validated","28-Jan-2023","Standard","          11,638.00","          11,638.00","                .00","Party LR NO : 8978/Party LR Date : 07-JAN-23","IMMEDIATE","28-Jan-2023","N","","CHECK","",
"27-SOLAPUR","8978-TDS-CM-3862008","Validated","28-Jan-2023","Credit Memo","            -116.38","            -116.38","                .00","8978-TDS-CM-3862008","IMMEDIATE","28-Jan-2023","N","","CHECK","",
"27-SOLAPUR","8980","Validated","28-Jan-2023","Standard","          19,220.00","          19,220.00","                .00","Party LR NO : 8980/Party LR Date : 09-JAN-23","IMMEDIATE","28-Jan-2023","N","","CHECK","",
"27-SOLAPUR","8980-TDS-CM-3862015","Validated","28-Jan-2023","Credit Memo","            -192.20","            -192.20","                .00","8980-TDS-CM-3862015","IMMEDIATE","28-Jan-2023","N","","CHECK","",
"27-SOLAPUR","8981","Validated","28-Jan-2023","Standard","           5,170.00","           5,170.00","                .00","Party LR NO : 8981/Party LR Date : 10-JAN-23","IMMEDIATE","28-Jan-2023","N","","CHECK","",
"27-SOLAPUR","8981-TDS-CM-3862019","Validated","28-Jan-2023","Credit Memo","             -51.70","             -51.70","                .00","8981-TDS-CM-3862019","IMMEDIATE","28-Jan-2023","N","","CHECK","",
"27-SOLAPUR","8982","Validated","28-Jan-2023","Standard","          11,638.00","          11,638.00","                .00","Party LR NO : 8982/Party LR Date : 10-JAN-23","IMMEDIATE","28-Jan-2023","N","","CHECK","",
"27-SOLAPUR","8982-TDS-CM-3862012","Validated","28-Jan-2023","Credit Memo","            -116.38","            -116.38","                .00","8982-TDS-CM-3862012","IMMEDIATE","28-Jan-2023","N","","CHECK","",
"27-SOLAPUR","8986","Validated","28-Jan-2023","Standard","          11,638.00","          11,638.00","                .00","Party LR NO : 8986/Party LR Date : 12-JAN-23","IMMEDIATE","28-Jan-2023","N","","CHECK","",
"27-SOLAPUR","8986-TDS-CM-3861997","Validated","28-Jan-2023","Credit Memo","            -116.38","            -116.38","                .00","8986-TDS-CM-3861997","IMMEDIATE","28-Jan-2023","N","","CHECK","",
"27-SOLAPUR","8987","Validated","28-Jan-2023","Standard","          19,220.00","          19,220.00","                .00","Party LR NO : 8987/Party LR Date : 13-JAN-23","IMMEDIATE","28-Jan-2023","N","","CHECK","",
"27-SOLAPUR","8987-TDS-CM-3862016","Validated","28-Jan-2023","Credit Memo","            -192.20","            -192.20","                .00","8987-TDS-CM-3862016","IMMEDIATE","28-Jan-2023","N","","CHECK","",
"27-SOLAPUR","8989","Validated","28-Jan-2023","Standard","          11,638.00","          11,638.00","                .00","Party LR NO : 8989/Party LR Date : 14-JAN-23","IMMEDIATE","28-Jan-2023","N","","CHECK","",
"27-SOLAPUR","8989-TDS-CM-3862009","Validated","28-Jan-2023","Credit Memo","            -116.38","            -116.38","                .00","8989-TDS-CM-3862009","IMMEDIATE","28-Jan-2023","N","","CHECK","",
"27-SOLAPUR","8990","Validated","28-Jan-2023","Standard","          11,638.00","          11,638.00","                .00","Party LR NO : 8990/Party LR Date : 14-JAN-23","IMMEDIATE","28-Jan-2023","N","","CHECK","",
"27-SOLAPUR","8874-TDS-CM-3861998","Validated","28-Jan-2023","Credit Memo","             -51.70","             -51.70","                .00","8874-TDS-CM-3861998","IMMEDIATE","28-Jan-2023","N","","CHECK","",


